x	y	clickSelects
-0.0670214576976602	1.72057752612902	9
-0.0670214576976602	1.72057752612902	6
-0.0638037586763298	1.72285510420218	6
-0.0585707498539101	1.72568889876336	25
-0.0650334084617299	1.72160273292352	307
-0.0660274174278701	1.72120776019779	6
-0.0670214576976602	1.72057752612902	414
-0.06801552691913	1.71970480916132	6
-0.06801552691913	1.71970480916132	6
-0.0628073131743001	1.72364294570268	6
-0.0660274174278701	1.72120776019779	6
-0.0660274174278701	1.72120776019779	17
-0.06801552691913	1.71970480916132	414
-0.0628073131743001	1.72364294570268	307
-0.06801552691913	1.71970480916132	25
-0.06801552691913	1.71970480916132	216
-0.0690096227515502	1.71835261446828	59
-0.0660274174278701	1.72120776019779	216
-0.0638037586763298	1.72285510420218	6
-0.0638037586763298	1.72285510420218	17
-0.0670214576976602	1.72057752612902	151
-0.0638037586763298	1.72285510420218	236
-0.0650334084617299	1.72160273292352	41
-0.0628073131743001	1.72364294570268	41
-0.0690096227515502	1.71835261446828	236
-0.0670214576976602	1.72057752612902	17
-0.0585707498539101	1.72568889876336	63
-0.0660274174278701	1.72120776019779	25
-0.0608145243046199	1.72417568202982	75
-0.0690096227515502	1.71835261446828	216
-0.0628073131743001	1.72364294570268	75
-0.0670214576976602	1.72057752612902	41
-0.0660274174278701	1.72120776019779	41
-0.0618109009203298	1.72414013073745	9
-0.0628073131743001	1.72364294570268	41
-0.0660274174278701	1.72120776019779	63
-0.0638037586763298	1.72285510420218	235
-0.0660274174278701	1.72120776019779	151
-0.06801552691913	1.71970480916132	41
-0.0638037586763298	1.72285510420218	235
-0.0628073131743001	1.72364294570268	41
-0.0650334084617299	1.72160273292352	418
-0.0648002350476999	1.72156487670113	41
-0.05956958202992	1.72503455887346	41
-0.0618109009203298	1.72414013073745	41
-0.0660274174278701	1.72120776019779	217
-0.0585707498539101	1.72568889876336	17
-0.06801552691913	1.71970480916132	17
-0.0650334084617299	1.72160273292352	216
-0.0660274174278701	1.72120776019779	418
-0.0670214576976602	1.72057752612902	588
-0.0670214576976602	1.72057752612902	6
-0.0640394331624199	1.72156267859286	41
-0.0670214576976602	1.72057752612902	41
-0.0638037586763298	1.72285510420218	6
-0.0660274174278701	1.72120776019779	41
-0.0648002350476999	1.72156487670113	65
-0.05956958202992	1.72503455887346	368
-0.0660274174278701	1.72120776019779	120
-0.0670214576976602	1.72057752612902	54
-0.0628073131743001	1.72364294570268	6
-0.0628073131743001	1.72364294570268	18
-0.0670214576976602	1.72057752612902	319
-0.0638037586763298	1.72285510420218	6
-0.0670214576976602	1.72057752612902	65
-0.0638037586763298	1.72285510420218	17
-0.0660274174278701	1.72120776019779	41
-0.0670214576976602	1.72057752612902	469
-0.0638037586763298	1.72285510420218	304
-0.0660274174278701	1.72120776019779	41
-0.0638037586763298	1.72285510420218	991
-0.0670214576976602	1.72057752612902	6
-0.0660274174278701	1.72120776019779	6
-0.0618109009203298	1.72414013073745	41
-0.0660274174278701	1.72120776019779	41
-0.0650334084617299	1.72160273292352	17
-0.0638037586763298	1.72285510420218	6
-0.0628073131743001	1.72364294570268	17
-0.0660274174278701	1.72120776019779	991
-0.06801552691913	1.71970480916132	17
-0.0628073131743001	1.72364294570268	17
-0.05531280940439	1.72675593469095	164
-0.0585707498539101	1.72568889876336	6
-0.0670214576976602	1.72057752612902	17
-0.06801552691913	1.71970480916132	6
-0.0670214576976602	1.72057752612902	17
-0.0670214576976602	1.72057752612902	41
-0.06801552691913	1.71970480916132	17
-0.0648002350476999	1.72156487670113	120
-0.0640394331624199	1.72156267859286	17
-0.0640394331624199	1.72156267859286	17
-0.0660274174278701	1.72120776019779	65
-0.0670214576976602	1.72057752612902	41
-0.0650334084617299	1.72160273292352	59
-0.06801552691913	1.71970480916132	304
-0.0660274174278701	1.72120776019779	65
-0.0638037586763298	1.72285510420218	992
-0.0618109009203298	1.72414013073745	349
-0.0563140783081502	1.72568604660829	302
-0.0605684494304102	1.72383033377118	302
-0.0618109009203298	1.72414013073745	992
-0.0650334084617299	1.72160273292352	17
-0.0660274174278701	1.72120776019779	633
-0.0670214576976602	1.72057752612902	17
-0.0638037586763298	1.72285510420218	41
-0.0628073131743001	1.72364294570268	120
-0.0660274174278701	1.72120776019779	36
-0.0670214576976602	1.72057752612902	41
-0.0628073131743001	1.72364294570268	41
-0.0660274174278701	1.72120776019779	17
-0.0608145243046199	1.72417568202982	17
-0.0628073131743001	1.72364294570268	171
-0.0670214576976602	1.72057752612902	787
-0.0660274174278701	1.72120776019779	75
-0.0648002350476999	1.72156487670113	307
-0.06801552691913	1.71970480916132	59
-0.0650334084617299	1.72160273292352	698
-0.0650334084617299	1.72160273292352	144
-0.0648002350476999	1.72156487670113	144
-0.0648002350476999	1.72156487670113	17
-0.0660274174278701	1.72120776019779	75
-0.05531280940439	1.72675593469095	65
-0.0670214576976602	1.72057752612902	41
-0.0628073131743001	1.72364294570268	41
-0.0670214576976602	1.72057752612902	17
-0.0670214576976602	1.72057752612902	17
-0.0670214576976602	1.72057752612902	36
-0.0670214576976602	1.72057752612902	218
-0.06801552691913	1.71970480916132	513
-0.0650334084617299	1.72160273292352	86
-0.0585707498539101	1.72568889876336	36
-0.0648002350476999	1.72156487670113	6
-0.06801552691913	1.71970480916132	9
-0.0628073131743001	1.72364294570268	65
-0.0628073131743001	1.72364294570268	384
-0.0670214576976602	1.72057752612902	59
-0.0660274174278701	1.72120776019779	42
-0.0575719553199301	1.72582667940082	6
-0.06801552691913	1.71970480916132	302
-0.0650334084617299	1.72160273292352	438
-0.0618109009203298	1.72414013073745	6
-0.0628073131743001	1.72364294570268	71
-0.0670214576976602	1.72057752612902	17
-0.0670214576976602	1.72057752612902	71
-0.0638037586763298	1.72285510420218	5
-0.0660274174278701	1.72120776019779	159
-0.0660274174278701	1.72120776019779	6
-0.0648002350476999	1.72156487670113	327
-0.0650334084617299	1.72160273292352	5
-0.05956958202992	1.72503455887346	75
-0.0670214576976602	1.72057752612902	17
-0.0628073131743001	1.72364294570268	65
-0.0660274174278701	1.72120776019779	17
-0.06801552691913	1.71970480916132	17
-0.0690096227515502	1.71835261446828	75
-0.0605684494304102	1.72383033377118	75
-0.0628073131743001	1.72364294570268	242
-0.0690096227515502	1.71835261446828	81
-0.0608145243046199	1.72417568202982	17
-0.0638037586763298	1.72285510420218	282
-0.0670214576976602	1.72057752612902	151
-0.0628073131743001	1.72364294570268	6
-0.05956958202992	1.72503455887346	36
-0.0650334084617299	1.72160273292352	439
-0.0605684494304102	1.72383033377118	528
-0.06801552691913	1.71970480916132	17
-0.0670214576976602	1.72057752612902	17
-0.0648002350476999	1.72156487670113	856
-0.0660274174278701	1.72120776019779	1093
-0.0690096227515502	1.71835261446828	102
-0.0638037586763298	1.72285510420218	17
-0.0650334084617299	1.72160273292352	17
-0.06801552691913	1.71970480916132	102
-0.0585707498539101	1.72568889876336	6
-0.0618109009203298	1.72414013073745	543
-0.0650334084617299	1.72160273292352	1057
-0.0690096227515502	1.71835261446828	159
-0.0670214576976602	1.72057752612902	543
-0.0638037586763298	1.72285510420218	159
-0.0618109009203298	1.72414013073745	327
-0.0660274174278701	1.72120776019779	151
-0.0585707498539101	1.72568889876336	327
-0.0670214576976602	1.72057752612902	17
-0.0618109009203298	1.72414013073745	17
-0.06801552691913	1.71970480916132	17
-0.0628073131743001	1.72364294570268	17
-0.0670214576976602	1.72057752612902	402
-0.0660274174278701	1.72120776019779	543
-0.0608145243046199	1.72417568202982	543
-0.0628073131743001	1.72364294570268	668
-0.0640394331624199	1.72156267859286	402
-0.0638037586763298	1.72285510420218	151
-0.0670214576976602	1.72057752612902	17
-0.0660274174278701	1.72120776019779	134
-0.0628073131743001	1.72364294570268	327
-0.0670214576976602	1.72057752612902	17
-0.0585707498539101	1.72568889876336	17
-0.0648002350476999	1.72156487670113	211
-0.0690096227515502	1.71835261446828	9
-0.0650334084617299	1.72160273292352	36
-0.0650334084617299	1.72160273292352	71
-0.0585707498539101	1.72568889876336	280
-0.0638037586763298	1.72285510420218	38
-0.0648002350476999	1.72156487670113	402
-0.0618109009203298	1.72414013073745	81
-0.0650334084617299	1.72160273292352	36
-0.0660274174278701	1.72120776019779	65
-0.0670214576976602	1.72057752612902	159
-0.0650334084617299	1.72160273292352	71
-0.0670214576976602	1.72057752612902	143
-0.0638037586763298	1.72285510420218	1150
-0.0640394331624199	1.72156267859286	76
-0.0670214576976602	1.72057752612902	134
-0.0650334084617299	1.72160273292352	134
-0.05431158017949	1.72705090173954	211
-0.06801552691913	1.71970480916132	280
-0.0638037586763298	1.72285510420218	159
-0.0650334084617299	1.72160273292352	847
-0.05956958202992	1.72503455887346	17
-0.0648002350476999	1.72156487670113	444
-0.06801552691913	1.71970480916132	243
-0.0670214576976602	1.72057752612902	65
-0.0618109009203298	1.72414013073745	151
-0.0660274174278701	1.72120776019779	312
-0.06801552691913	1.71970480916132	90
-0.0628073131743001	1.72364294570268	151
-0.0628073131743001	1.72364294570268	38
-0.06801552691913	1.71970480916132	159
-0.0618109009203298	1.72414013073745	9
-0.0628073131743001	1.72364294570268	159
-0.0648002350476999	1.72156487670113	76
-0.0660274174278701	1.72120776019779	159
-0.0670214576976602	1.72057752612902	159
-0.0608145243046199	1.72417568202982	72
-0.0628073131743001	1.72364294570268	279
-0.0618109009203298	1.72414013073745	36
-0.0650334084617299	1.72160273292352	452
-0.0660274174278701	1.72120776019779	17
-0.06801552691913	1.71970480916132	211
-0.0660274174278701	1.72120776019779	17
-0.0650334084617299	1.72160273292352	452
-0.0670214576976602	1.72057752612902	452
-0.0638037586763298	1.72285510420218	17
-0.06801552691913	1.71970480916132	452
-0.0650334084617299	1.72160273292352	452
-0.0628073131743001	1.72364294570268	90
-0.0660274174278701	1.72120776019779	17
-0.0628073131743001	1.72364294570268	17
-0.0660274174278701	1.72120776019779	65
-0.0660274174278701	1.72120776019779	81
-0.0640394331624199	1.72156267859286	65
-0.0605684494304102	1.72383033377118	76
-0.05531280940439	1.72675593469095	17
-0.0650334084617299	1.72160273292352	452
-0.0628073131743001	1.72364294570268	134
-0.0670214576976602	1.72057752612902	279
-0.0660274174278701	1.72120776019779	159
-0.0618109009203298	1.72414013073745	17
-0.0660274174278701	1.72120776019779	108
-0.0640394331624199	1.72156267859286	17
-0.0628073131743001	1.72364294570268	678
-0.0575719553199301	1.72582667940082	159
-0.0660274174278701	1.72120776019779	143
-0.0660274174278701	1.72120776019779	76
-0.0585707498539101	1.72568889876336	23
-0.0638037586763298	1.72285510420218	75
-0.06801552691913	1.71970480916132	23
-0.0650334084617299	1.72160273292352	54
-0.0670214576976602	1.72057752612902	108
-0.0670214576976602	1.72057752612902	23
-0.0638037586763298	1.72285510420218	108
-0.0628073131743001	1.72364294570268	108
-0.0670214576976602	1.72057752612902	1240
-0.0628073131743001	1.72364294570268	17
-0.0638037586763298	1.72285510420218	108
-0.0585707498539101	1.72568889876336	9
-0.0605684494304102	1.72383033377118	108
-0.0660274174278701	1.72120776019779	159
-0.0670214576976602	1.72057752612902	23
-0.0650334084617299	1.72160273292352	72
-0.0585707498539101	1.72568889876336	159
-0.0618109009203298	1.72414013073745	108
-0.0650334084617299	1.72160273292352	159
-0.0670214576976602	1.72057752612902	184
-0.0638037586763298	1.72285510420218	108
-0.06801552691913	1.71970480916132	9
-0.0660274174278701	1.72120776019779	335
-0.0605684494304102	1.72383033377118	156
-0.0605684494304102	1.72383033377118	108
-0.0660274174278701	1.72120776019779	159
-0.0660274174278701	1.72120776019779	76
-0.0670214576976602	1.72057752612902	72
-0.05956958202992	1.72503455887346	156
-0.0648002350476999	1.72156487670113	254
-0.0638037586763298	1.72285510420218	28
-0.0660274174278701	1.72120776019779	23
-0.0660274174278701	1.72120776019779	108
-0.06801552691913	1.71970480916132	108
-0.0638037586763298	1.72285510420218	72
-0.0650334084617299	1.72160273292352	72
-0.05531280940439	1.72675593469095	75
-0.06801552691913	1.71970480916132	102
-0.0670214576976602	1.72057752612902	54
-0.0618109009203298	1.72414013073745	650
-0.0660274174278701	1.72120776019779	108
-0.0638037586763298	1.72285510420218	28
-0.0690096227515502	1.71835261446828	72
-0.06801552691913	1.71970480916132	72
-0.0628073131743001	1.72364294570268	72
-0.0638037586763298	1.72285510420218	254
-0.0628073131743001	1.72364294570268	189
-0.0670214576976602	1.72057752612902	76
-0.0628073131743001	1.72364294570268	9
-0.0690096227515502	1.71835261446828	108
-0.0650334084617299	1.72160273292352	9
-0.0618109009203298	1.72414013073745	76
-0.05431158017949	1.72705090173954	72
-0.0670214576976602	1.72057752612902	75
-0.06801552691913	1.71970480916132	159
-0.06801552691913	1.71970480916132	254
-0.0650334084617299	1.72160273292352	72
-0.0628073131743001	1.72364294570268	72
-0.0648002350476999	1.72156487670113	196
-0.0618109009203298	1.72414013073745	76
-0.0670214576976602	1.72057752612902	1223
-0.0628073131743001	1.72364294570268	456
-0.0670214576976602	1.72057752612902	159
-0.0628073131743001	1.72364294570268	363
-0.0670214576976602	1.72057752612902	363
-0.0628073131743001	1.72364294570268	159
-0.0628073131743001	1.72364294570268	9
-0.0670214576976602	1.72057752612902	108
-0.0638037586763298	1.72285510420218	76
-0.0638037586763298	1.72285510420218	456
-0.0660274174278701	1.72120776019779	9
-0.0628073131743001	1.72364294570268	85
-0.0575719553199301	1.72582667940082	85
-0.0648002350476999	1.72156487670113	54
-0.05956958202992	1.72503455887346	748
-0.0628073131743001	1.72364294570268	108
-0.0670214576976602	1.72057752612902	279
-0.0648002350476999	1.72156487670113	684
-0.0628073131743001	1.72364294570268	196
-0.0650334084617299	1.72160273292352	108
-0.0618109009203298	1.72414013073745	28
-0.0628073131743001	1.72364294570268	28
-0.0628073131743001	1.72364294570268	108
-0.0628073131743001	1.72364294570268	72
-0.0648002350476999	1.72156487670113	9
-0.0650334084617299	1.72160273292352	108
-0.0670214576976602	1.72057752612902	72
-0.0670214576976602	1.72057752612902	213
-0.0670214576976602	1.72057752612902	9
-0.0660274174278701	1.72120776019779	9
-0.0670214576976602	1.72057752612902	108
-0.0638037586763298	1.72285510420218	72
-0.06801552691913	1.71970480916132	108
-0.0650334084617299	1.72160273292352	684
-0.0618109009203298	1.72414013073745	72
-0.0628073131743001	1.72364294570268	76
-0.0638037586763298	1.72285510420218	72
-0.0660274174278701	1.72120776019779	72
-0.06801552691913	1.71970480916132	158
-0.0575719553199301	1.72582667940082	76
-0.0648002350476999	1.72156487670113	76
-0.0660274174278701	1.72120776019779	72
-0.0638037586763298	1.72285510420218	76
-0.0648002350476999	1.72156487670113	108
-0.0660274174278701	1.72120776019779	76
-0.0670214576976602	1.72057752612902	1
-0.0670214576976602	1.72057752612902	72
-0.0608145243046199	1.72417568202982	28
-0.0628073131743001	1.72364294570268	819
-0.05531280940439	1.72675593469095	881
-0.0670214576976602	1.72057752612902	76
-0.0660274174278701	1.72120776019779	108
-0.0670214576976602	1.72057752612902	72
-0.0640394331624199	1.72156267859286	977
-0.0638037586763298	1.72285510420218	79
-0.0670214576976602	1.72057752612902	69
-0.0628073131743001	1.72364294570268	69
-0.0660274174278701	1.72120776019779	197
-0.0638037586763298	1.72285510420218	54
-0.0575719553199301	1.72582667940082	9
-0.06801552691913	1.71970480916132	72
-0.0650334084617299	1.72160273292352	69
-0.0585707498539101	1.72568889876336	1191
-0.0690096227515502	1.71835261446828	76
-0.0660274174278701	1.72120776019779	76
-0.0628073131743001	1.72364294570268	76
-0.0575719553199301	1.72582667940082	9
-0.0660274174278701	1.72120776019779	85
-0.0648002350476999	1.72156487670113	9
-0.0618109009203298	1.72414013073745	163
-0.0660274174278701	1.72120776019779	85
-0.0670214576976602	1.72057752612902	76
-0.0648002350476999	1.72156487670113	108
-0.0660274174278701	1.72120776019779	15
-0.06801552691913	1.71970480916132	79
-0.0670214576976602	1.72057752612902	79
-0.0670214576976602	1.72057752612902	165
-0.06801552691913	1.71970480916132	401
-0.0618109009203298	1.72414013073745	72
-0.0670214576976602	1.72057752612902	1022
-0.0638037586763298	1.72285510420218	108
-0.0638037586763298	1.72285510420218	9
-0.0618109009203298	1.72414013073745	108
-0.0670214576976602	1.72057752612902	108
-0.05956958202992	1.72503455887346	64
-0.0638037586763298	1.72285510420218	108
-0.0670214576976602	1.72057752612902	69
-0.0628073131743001	1.72364294570268	350
-0.0670214576976602	1.72057752612902	69
-0.0638037586763298	1.72285510420218	64
-0.0605684494304102	1.72383033377118	108
-0.0618109009203298	1.72414013073745	108
-0.0628073131743001	1.72364294570268	197
-0.05956958202992	1.72503455887346	64
-0.0660274174278701	1.72120776019779	108
-0.0670214576976602	1.72057752612902	108
-0.0628073131743001	1.72364294570268	64
-0.0690096227515502	1.71835261446828	69
-0.0628073131743001	1.72364294570268	15
-0.0628073131743001	1.72364294570268	76
-0.0670214576976602	1.72057752612902	108
-0.0660274174278701	1.72120776019779	64
-0.0670214576976602	1.72057752612902	76
-0.0638037586763298	1.72285510420218	85
-0.0670214576976602	1.72057752612902	108
-0.05956958202992	1.72503455887346	108
-0.0638037586763298	1.72285510420218	58
-0.0670214576976602	1.72057752612902	54
-0.0628073131743001	1.72364294570268	9
-0.0585707498539101	1.72568889876336	108
-0.0660274174278701	1.72120776019779	108
-0.0690096227515502	1.71835261446828	15
-0.0670214576976602	1.72057752612902	108
-0.0605684494304102	1.72383033377118	108
-0.0648002350476999	1.72156487670113	79
-0.0605684494304102	1.72383033377118	55
-0.0660274174278701	1.72120776019779	55
-0.0670214576976602	1.72057752612902	55
-0.0670214576976602	1.72057752612902	64
-0.0585707498539101	1.72568889876336	69
-0.0650334084617299	1.72160273292352	79
-0.0575719553199301	1.72582667940082	69
-0.0690096227515502	1.71835261446828	64
-0.05956958202992	1.72503455887346	75
-0.0670214576976602	1.72057752612902	85
-0.0670214576976602	1.72057752612902	625
-0.0660274174278701	1.72120776019779	76
-0.0648002350476999	1.72156487670113	138
-0.0648002350476999	1.72156487670113	138
-0.0628073131743001	1.72364294570268	108
-0.0660274174278701	1.72120776019779	108
-0.0660274174278701	1.72120776019779	108
-0.0660274174278701	1.72120776019779	749
-0.0628073131743001	1.72364294570268	749
-0.0628073131743001	1.72364294570268	108
-0.0628073131743001	1.72364294570268	614
-0.0638037586763298	1.72285510420218	108
-0.0605684494304102	1.72383033377118	108
-0.0648002350476999	1.72156487670113	108
-0.06801552691913	1.71970480916132	108
-0.0650334084617299	1.72160273292352	108
-0.0660274174278701	1.72120776019779	64
-0.0660274174278701	1.72120776019779	64
-0.0628073131743001	1.72364294570268	64
-0.0638037586763298	1.72285510420218	15
-0.0660274174278701	1.72120776019779	64
-0.0628073131743001	1.72364294570268	85
-0.0660274174278701	1.72120776019779	108
-0.0648002350476999	1.72156487670113	108
-0.0648002350476999	1.72156487670113	58
-0.0605684494304102	1.72383033377118	79
-0.0638037586763298	1.72285510420218	399
-0.05956958202992	1.72503455887346	108
-0.0670214576976602	1.72057752612902	108
-0.0640394331624199	1.72156267859286	76
-0.0618109009203298	1.72414013073745	347
-0.0628073131743001	1.72364294570268	347
-0.0510332510001401	1.72791368237058	108
-0.0585707498539101	1.72568889876336	54
-0.0670214576976602	1.72057752612902	54
-0.0660274174278701	1.72120776019779	279
-0.0618109009203298	1.72414013073745	108
-0.05531280940439	1.72675593469095	285
-0.0660274174278701	1.72120776019779	79
-0.0585707498539101	1.72568889876336	1
-0.0670214576976602	1.72057752612902	646
-0.0575719553199301	1.72582667940082	275
-0.0660274174278701	1.72120776019779	330
-0.0690096227515502	1.71835261446828	64
-0.0628073131743001	1.72364294570268	76
-0.06801552691913	1.71970480916132	57
-0.0605684494304102	1.72383033377118	76
-0.0660274174278701	1.72120776019779	76
-0.0650334084617299	1.72160273292352	76
-0.0670214576976602	1.72057752612902	76
-0.0640394331624199	1.72156267859286	429
-0.0628073131743001	1.72364294570268	54
-0.0628073131743001	1.72364294570268	76
-0.0648002350476999	1.72156487670113	15
-0.06801552691913	1.71970480916132	15
-0.0628073131743001	1.72364294570268	275
-0.0650334084617299	1.72160273292352	85
-0.0605684494304102	1.72383033377118	54
-0.0585707498539101	1.72568889876336	85
-0.0650334084617299	1.72160273292352	54
-0.06801552691913	1.71970480916132	15
-0.0628073131743001	1.72364294570268	233
-0.05956958202992	1.72503455887346	76
-0.0605684494304102	1.72383033377118	76
-0.06801552691913	1.71970480916132	500
-0.0670214576976602	1.72057752612902	57
-0.0650334084617299	1.72160273292352	645
-0.0670214576976602	1.72057752612902	76
-0.0628073131743001	1.72364294570268	76
-0.0638037586763298	1.72285510420218	108
-0.0670214576976602	1.72057752612902	54
-0.0628073131743001	1.72364294570268	108
-0.05956958202992	1.72503455887346	15
-0.0618109009203298	1.72414013073745	15
-0.0660274174278701	1.72120776019779	207
-0.0628073131743001	1.72364294570268	310
-0.0605684494304102	1.72383033377118	15
-0.0628073131743001	1.72364294570268	9
-0.0648002350476999	1.72156487670113	15
-0.0628073131743001	1.72364294570268	15
-0.0648002350476999	1.72156487670113	655
-0.0638037586763298	1.72285510420218	601
-0.0618109009203298	1.72414013073745	429
-0.0638037586763298	1.72285510420218	7
-0.0670214576976602	1.72057752612902	53
-0.0575719553199301	1.72582667940082	644
-0.0648002350476999	1.72156487670113	429
-0.06801552691913	1.71970480916132	429
-0.06801552691913	1.71970480916132	108
-0.06801552691913	1.71970480916132	285
-0.0670214576976602	1.72057752612902	15
-0.0670214576976602	1.72057752612902	76
-0.0660274174278701	1.72120776019779	56
-0.0628073131743001	1.72364294570268	108
-0.0628073131743001	1.72364294570268	7
-0.06801552691913	1.71970480916132	14
-0.0660274174278701	1.72120776019779	644
-0.0648002350476999	1.72156487670113	14
-0.0638037586763298	1.72285510420218	7
-0.06801552691913	1.71970480916132	53
-0.0628073131743001	1.72364294570268	85
-0.0628073131743001	1.72364294570268	644
-0.0660274174278701	1.72120776019779	85
-0.0670214576976602	1.72057752612902	53
-0.06801552691913	1.71970480916132	15
-0.0638037586763298	1.72285510420218	53
-0.0628073131743001	1.72364294570268	7
-0.0670214576976602	1.72057752612902	76
-0.0628073131743001	1.72364294570268	644
-0.0670214576976602	1.72057752612902	85
-0.06801552691913	1.71970480916132	207
-0.0670214576976602	1.72057752612902	106
-0.0648002350476999	1.72156487670113	56
-0.05531280940439	1.72675593469095	14
-0.0618109009203298	1.72414013073745	601
-0.0638037586763298	1.72285510420218	279
-0.0608145243046199	1.72417568202982	64
-0.0670214576976602	1.72057752612902	21
-0.0670214576976602	1.72057752612902	56
-0.06801552691913	1.71970480916132	619
-0.0638037586763298	1.72285510420218	56
-0.05956958202992	1.72503455887346	56
-0.0670214576976602	1.72057752612902	14
-0.0618109009203298	1.72414013073745	7
-0.0628073131743001	1.72364294570268	56
-0.0660274174278701	1.72120776019779	7
-0.0618109009203298	1.72414013073745	7
-0.05956958202992	1.72503455887346	106
-0.0575719553199301	1.72582667940082	7
-0.0648002350476999	1.72156487670113	76
-0.0628073131743001	1.72364294570268	14
-0.0670214576976602	1.72057752612902	481
-0.0628073131743001	1.72364294570268	76
-0.0628073131743001	1.72364294570268	77
-0.06801552691913	1.71970480916132	21
-0.0638037586763298	1.72285510420218	490
-0.0660274174278701	1.72120776019779	21
-0.0638037586763298	1.72285510420218	21
-0.0618109009203298	1.72414013073745	56
-0.0660274174278701	1.72120776019779	7
-0.0605684494304102	1.72383033377118	7
-0.0618109009203298	1.72414013073745	7
-0.0585707498539101	1.72568889876336	64
-0.06801552691913	1.71970480916132	7
-0.0638037586763298	1.72285510420218	382
-0.0670214576976602	1.72057752612902	261
-0.0618109009203298	1.72414013073745	56
-0.0628073131743001	1.72364294570268	64
-0.0670214576976602	1.72057752612902	7
-0.0628073131743001	1.72364294570268	279
-0.06801552691913	1.71970480916132	200
-0.06801552691913	1.71970480916132	167
-0.06801552691913	1.71970480916132	556
-0.0618109009203298	1.72414013073745	22
-0.06801552691913	1.71970480916132	21
-0.0638037586763298	1.72285510420218	556
-0.0660274174278701	1.72120776019779	131
-0.0585707498539101	1.72568889876336	76
-0.05531280940439	1.72675593469095	21
-0.0605684494304102	1.72383033377118	64
-0.0585707498539101	1.72568889876336	170
-0.0650334084617299	1.72160273292352	76
-0.0690096227515502	1.71835261446828	64
-0.0660274174278701	1.72120776019779	76
-0.0670214576976602	1.72057752612902	56
-0.0670214576976602	1.72057752612902	64
-0.0670214576976602	1.72057752612902	884
-0.0608145243046199	1.72417568202982	21
-0.0628073131743001	1.72364294570268	884
-0.0670214576976602	1.72057752612902	264
-0.0670214576976602	1.72057752612902	461
-0.0618109009203298	1.72414013073745	508
-0.0670214576976602	1.72057752612902	279
-0.0670214576976602	1.72057752612902	222
-0.0670214576976602	1.72057752612902	170
-0.0648002350476999	1.72156487670113	222
-0.05956958202992	1.72503455887346	155
-0.0670214576976602	1.72057752612902	21
-0.0670214576976602	1.72057752612902	21
-0.0638037586763298	1.72285510420218	64
-0.0628073131743001	1.72364294570268	170
-0.0585707498539101	1.72568889876336	9
-0.0670214576976602	1.72057752612902	9
-0.0628073131743001	1.72364294570268	21
-0.0670214576976602	1.72057752612902	7
-0.0670214576976602	1.72057752612902	64
-0.0638037586763298	1.72285510420218	161
-0.0670214576976602	1.72057752612902	9
-0.0638037586763298	1.72285510420218	64
-0.05956958202992	1.72503455887346	170
-0.0660274174278701	1.72120776019779	132
-0.0618109009203298	1.72414013073745	7
-0.0638037586763298	1.72285510420218	7
-0.0618109009203298	1.72414013073745	77
-0.0638037586763298	1.72285510420218	22
-0.0638037586763298	1.72285510420218	21
-0.0670214576976602	1.72057752612902	9
-0.0660274174278701	1.72120776019779	9
-0.0638037586763298	1.72285510420218	131
-0.0670214576976602	1.72057752612902	29
-0.0660274174278701	1.72120776019779	767
-0.0628073131743001	1.72364294570268	222
-0.0618109009203298	1.72414013073745	209
-0.06801552691913	1.71970480916132	176
-0.0670214576976602	1.72057752612902	76
-0.05531280940439	1.72675593469095	77
-0.0618109009203298	1.72414013073745	77
-0.0660274174278701	1.72120776019779	62
-0.05956958202992	1.72503455887346	21
-0.0638037586763298	1.72285510420218	21
-0.0670214576976602	1.72057752612902	209
-0.0650334084617299	1.72160273292352	56
-0.0670214576976602	1.72057752612902	76
-0.0670214576976602	1.72057752612902	76
-0.0660274174278701	1.72120776019779	56
-0.06801552691913	1.71970480916132	76
-0.0628073131743001	1.72364294570268	21
-0.0628073131743001	1.72364294570268	76
-0.0638037586763298	1.72285510420218	132
-0.0605684494304102	1.72383033377118	162
-0.0650334084617299	1.72160273292352	161
-0.06801552691913	1.71970480916132	76
-0.0585707498539101	1.72568889876336	21
-0.0670214576976602	1.72057752612902	162
-0.0670214576976602	1.72057752612902	56
-0.05956958202992	1.72503455887346	132
-0.0618109009203298	1.72414013073745	7
-0.0660274174278701	1.72120776019779	8
-0.05956958202992	1.72503455887346	56
-0.05956958202992	1.72503455887346	56
-0.06801552691913	1.71970480916132	7
-0.06801552691913	1.71970480916132	7
-0.0648002350476999	1.72156487670113	76
-0.06801552691913	1.71970480916132	56
-0.0605684494304102	1.72383033377118	76
-0.06801552691913	1.71970480916132	56
-0.0585707498539101	1.72568889876336	21
-0.0670214576976602	1.72057752612902	76
-0.0670214576976602	1.72057752612902	484
-0.0660274174278701	1.72120776019779	21
-0.0585707498539101	1.72568889876336	204
-0.06801552691913	1.71970480916132	76
-0.05531280940439	1.72675593469095	274
-0.06801552691913	1.71970480916132	8
-0.0638037586763298	1.72285510420218	274
-0.0628073131743001	1.72364294570268	274
-0.0660274174278701	1.72120776019779	132
-0.0638037586763298	1.72285510420218	179
-0.0618109009203298	1.72414013073745	82
-0.0628073131743001	1.72364294570268	56
-0.0608145243046199	1.72417568202982	351
-0.0670214576976602	1.72057752612902	204
-0.0618109009203298	1.72414013073745	76
-0.05956958202992	1.72503455887346	22
-0.05956958202992	1.72503455887346	126
-0.0670214576976602	1.72057752612902	309
-0.0618109009203298	1.72414013073745	56
-0.0618109009203298	1.72414013073745	22
-0.0660274174278701	1.72120776019779	21
-0.0670214576976602	1.72057752612902	519
-0.0638037586763298	1.72285510420218	126
-0.0605684494304102	1.72383033377118	21
-0.0628073131743001	1.72364294570268	162
-0.0670214576976602	1.72057752612902	450
-0.0648002350476999	1.72156487670113	76
-0.0585707498539101	1.72568889876336	76
-0.0638037586763298	1.72285510420218	76
-0.05956958202992	1.72503455887346	76
-0.06801552691913	1.71970480916132	450
-0.0650334084617299	1.72160273292352	7
-0.06801552691913	1.71970480916132	76
-0.0660274174278701	1.72120776019779	274
-0.0585707498539101	1.72568889876336	76
-0.06801552691913	1.71970480916132	62
-0.06801552691913	1.71970480916132	22
-0.0638037586763298	1.72285510420218	21
-0.0585707498539101	1.72568889876336	126
-0.0670214576976602	1.72057752612902	22
-0.0670214576976602	1.72057752612902	49
-0.0628073131743001	1.72364294570268	21
-0.0628073131743001	1.72364294570268	8
-0.0585707498539101	1.72568889876336	21
-0.0648002350476999	1.72156487670113	623
-0.0670214576976602	1.72057752612902	9
-0.0628073131743001	1.72364294570268	142
-0.0628073131743001	1.72364294570268	22
-0.06801552691913	1.71970480916132	229
-0.0628073131743001	1.72364294570268	126
-0.0690096227515502	1.71835261446828	22
-0.0638037586763298	1.72285510420218	22
-0.0670214576976602	1.72057752612902	101
-0.06801552691913	1.71970480916132	101
-0.0648002350476999	1.72156487670113	22
-0.0670214576976602	1.72057752612902	56
-0.0618109009203298	1.72414013073745	126
-0.0605684494304102	1.72383033377118	22
-0.0618109009203298	1.72414013073745	278
-0.06801552691913	1.71970480916132	127
-0.0670214576976602	1.72057752612902	278
-0.0585707498539101	1.72568889876336	126
-0.0628073131743001	1.72364294570268	126
-0.0585707498539101	1.72568889876336	8
-0.0670214576976602	1.72057752612902	278
-0.0638037586763298	1.72285510420218	191
-0.06801552691913	1.71970480916132	419
-0.0608145243046199	1.72417568202982	126
-0.06801552691913	1.71970480916132	229
-0.0670214576976602	1.72057752612902	126
-0.0650334084617299	1.72160273292352	658
-0.0585707498539101	1.72568889876336	22
-0.0670214576976602	1.72057752612902	214
-0.0575719553199301	1.72582667940082	191
-0.0660274174278701	1.72120776019779	214
-0.0650334084617299	1.72160273292352	1273
-0.0650334084617299	1.72160273292352	191
-0.06801552691913	1.71970480916132	56
-0.0660274174278701	1.72120776019779	355
-0.0575719553199301	1.72582667940082	9
-0.0638037586763298	1.72285510420218	531
-0.05531280940439	1.72675593469095	7
-0.0660274174278701	1.72120776019779	112
-0.0585707498539101	1.72568889876336	766
-0.0660274174278701	1.72120776019779	141
-0.0660274174278701	1.72120776019779	9
-0.0628073131743001	1.72364294570268	7
-0.05956958202992	1.72503455887346	56
-0.0585707498539101	1.72568889876336	375
-0.0670214576976602	1.72057752612902	7
-0.0618109009203298	1.72414013073745	56
-0.0660274174278701	1.72120776019779	112
-0.0660274174278701	1.72120776019779	112
-0.0670214576976602	1.72057752612902	56
-0.0660274174278701	1.72120776019779	22
-0.0670214576976602	1.72057752612902	56
-0.0618109009203298	1.72414013073745	22
-0.0670214576976602	1.72057752612902	214
-0.0670214576976602	1.72057752612902	234
-0.0608145243046199	1.72417568202982	126
-0.0650334084617299	1.72160273292352	22
-0.0638037586763298	1.72285510420218	126
-0.0660274174278701	1.72120776019779	101
-0.0650334084617299	1.72160273292352	112
-0.0690096227515502	1.71835261446828	22
-0.05956958202992	1.72503455887346	56
-0.0650334084617299	1.72160273292352	640
-0.06801552691913	1.71970480916132	517
-0.0628073131743001	1.72364294570268	84
-0.0670214576976602	1.72057752612902	112
-0.06801552691913	1.71970480916132	127
-0.0618109009203298	1.72414013073745	84
-0.06801552691913	1.71970480916132	22
-0.0670214576976602	1.72057752612902	56
-0.05431158017949	1.72705090173954	22
-0.0670214576976602	1.72057752612902	2
-0.0670214576976602	1.72057752612902	101
-0.06801552691913	1.71970480916132	22
-0.0618109009203298	1.72414013073745	112
-0.0670214576976602	1.72057752612902	112
-0.0670214576976602	1.72057752612902	127
-0.0618109009203298	1.72414013073745	343
-0.0660274174278701	1.72120776019779	660
-0.0638037586763298	1.72285510420218	84
-0.05431158017949	1.72705090173954	22
-0.06801552691913	1.71970480916132	343
-0.05531280940439	1.72675593469095	22
-0.0660274174278701	1.72120776019779	1190
-0.0628073131743001	1.72364294570268	22
-0.0670214576976602	1.72057752612902	22
-0.0608145243046199	1.72417568202982	109
-0.0585707498539101	1.72568889876336	640
-0.0618109009203298	1.72414013073745	1043
-0.0628073131743001	1.72364294570268	56
-0.0628073131743001	1.72364294570268	296
-0.05956958202992	1.72503455887346	22
-0.0670214576976602	1.72057752612902	97
-0.05956958202992	1.72503455887346	2
-0.05956958202992	1.72503455887346	2
-0.0648002350476999	1.72156487670113	296
-0.0650334084617299	1.72160273292352	109
-0.0628073131743001	1.72364294570268	109
-0.0575719553199301	1.72582667940082	392
-0.0563140783081502	1.72568604660829	392
-0.0638037586763298	1.72285510420218	326
-0.0638037586763298	1.72285510420218	317
-0.0670214576976602	1.72057752612902	326
-0.0628073131743001	1.72364294570268	84
-0.06801552691913	1.71970480916132	109
-0.0648002350476999	1.72156487670113	24
-0.05956958202992	1.72503455887346	24
-0.0628073131743001	1.72364294570268	24
-0.0648002350476999	1.72156487670113	7
-0.05956958202992	1.72503455887346	56
-0.0638037586763298	1.72285510420218	22
-0.0638037586763298	1.72285510420218	84
-0.0618109009203298	1.72414013073745	2
-0.0650334084617299	1.72160273292352	56
-0.0638037586763298	1.72285510420218	7
-0.0618109009203298	1.72414013073745	198
-0.0660274174278701	1.72120776019779	118
-0.0670214576976602	1.72057752612902	24
-0.0628073131743001	1.72364294570268	7
-0.0628073131743001	1.72364294570268	296
-0.0585707498539101	1.72568889876336	2
-0.0670214576976602	1.72057752612902	4
-0.0660274174278701	1.72120776019779	346
-0.0660274174278701	1.72120776019779	56
-0.0618109009203298	1.72414013073745	2
-0.06801552691913	1.71970480916132	97
-0.06801552691913	1.71970480916132	2
-0.0638037586763298	1.72285510420218	87
-0.06801552691913	1.71970480916132	7
-0.06801552691913	1.71970480916132	56
-0.0660274174278701	1.72120776019779	1036
-0.0670214576976602	1.72057752612902	296
-0.06801552691913	1.71970480916132	4
-0.0618109009203298	1.72414013073745	24
-0.0660274174278701	1.72120776019779	109
-0.0638037586763298	1.72285510420218	109
-0.0585707498539101	1.72568889876336	2
-0.0628073131743001	1.72364294570268	22
-0.0670214576976602	1.72057752612902	378
-0.0585707498539101	1.72568889876336	7
-0.0660274174278701	1.72120776019779	109
-0.0670214576976602	1.72057752612902	472
-0.0628073131743001	1.72364294570268	22
-0.06801552691913	1.71970480916132	472
-0.05956958202992	1.72503455887346	24
-0.06801552691913	1.71970480916132	4
-0.0638037586763298	1.72285510420218	22
-0.0585707498539101	1.72568889876336	313
-0.0670214576976602	1.72057752612902	22
-0.06801552691913	1.71970480916132	49
-0.0638037586763298	1.72285510420218	378
-0.0628073131743001	1.72364294570268	378
-0.0585707498539101	1.72568889876336	109
-0.0660274174278701	1.72120776019779	296
-0.06801552691913	1.71970480916132	1031
-0.0608145243046199	1.72417568202982	22
-0.0648002350476999	1.72156487670113	378
-0.0605684494304102	1.72383033377118	381
-0.0660274174278701	1.72120776019779	381
-0.0638037586763298	1.72285510420218	2
-0.06801552691913	1.71970480916132	24
-0.0638037586763298	1.72285510420218	313
-0.0660274174278701	1.72120776019779	16
-0.06801552691913	1.71970480916132	22
-0.06801552691913	1.71970480916132	1117
-0.0670214576976602	1.72057752612902	16
-0.0638037586763298	1.72285510420218	381
-0.0660274174278701	1.72120776019779	256
-0.0670214576976602	1.72057752612902	378
-0.0660274174278701	1.72120776019779	22
-0.0650334084617299	1.72160273292352	35
-0.05956958202992	1.72503455887346	24
-0.0660274174278701	1.72120776019779	47
-0.0660274174278701	1.72120776019779	24
-0.0628073131743001	1.72364294570268	96
-0.0660274174278701	1.72120776019779	194
-0.0638037586763298	1.72285510420218	371
-0.0585707498539101	1.72568889876336	296
-0.0660274174278701	1.72120776019779	2
-0.0638037586763298	1.72285510420218	35
-0.0563140783081502	1.72568604660829	93
-0.0670214576976602	1.72057752612902	497
-0.0618109009203298	1.72414013073745	296
-0.06801552691913	1.71970480916132	22
-0.0618109009203298	1.72414013073745	296
-0.0648002350476999	1.72156487670113	96
-0.0670214576976602	1.72057752612902	24
-0.05956958202992	1.72503455887346	381
-0.0638037586763298	1.72285510420218	1204
-0.0618109009203298	1.72414013073745	2
-0.0628073131743001	1.72364294570268	96
-0.05431158017949	1.72705090173954	35
-0.0618109009203298	1.72414013073745	4
-0.0638037586763298	1.72285510420218	4
-0.0670214576976602	1.72057752612902	239
-0.0628073131743001	1.72364294570268	545
-0.0640394331624199	1.72156267859286	35
-0.0670214576976602	1.72057752612902	93
-0.0618109009203298	1.72414013073745	194
-0.05956958202992	1.72503455887346	35
-0.0670214576976602	1.72057752612902	93
-0.06801552691913	1.71970480916132	2
-0.06801552691913	1.71970480916132	510
-0.0660274174278701	1.72120776019779	93
-0.0650334084617299	1.72160273292352	35
-0.0618109009203298	1.72414013073745	296
-0.05956958202992	1.72503455887346	148
-0.0650334084617299	1.72160273292352	2
-0.0670214576976602	1.72057752612902	96
-0.0670214576976602	1.72057752612902	148
-0.0670214576976602	1.72057752612902	93
-0.0670214576976602	1.72057752612902	96
-0.0660274174278701	1.72120776019779	148
-0.0628073131743001	1.72364294570268	381
-0.0660274174278701	1.72120776019779	4
-0.0650334084617299	1.72160273292352	24
-0.0660274174278701	1.72120776019779	2
-0.0628073131743001	1.72364294570268	545
-0.0618109009203298	1.72414013073745	2
-0.0690096227515502	1.71835261446828	35
-0.0628073131743001	1.72364294570268	268
-0.0618109009203298	1.72414013073745	35
-0.0638037586763298	1.72285510420218	100
-0.0660274174278701	1.72120776019779	93
-0.0628073131743001	1.72364294570268	35
-0.0670214576976602	1.72057752612902	4
-0.0670214576976602	1.72057752612902	35
-0.0670214576976602	1.72057752612902	239
-0.0618109009203298	1.72414013073745	35
-0.0660274174278701	1.72120776019779	4
-0.0638037586763298	1.72285510420218	73
-0.0585707498539101	1.72568889876336	457
-0.0575719553199301	1.72582667940082	35
-0.0638037586763298	1.72285510420218	371
-0.0670214576976602	1.72057752612902	35
-0.0618109009203298	1.72414013073745	624
-0.0650334084617299	1.72160273292352	35
-0.0563140783081502	1.72568604660829	607
-0.0628073131743001	1.72364294570268	624
-0.0638037586763298	1.72285510420218	353
-0.0650334084617299	1.72160273292352	295
-0.05956958202992	1.72503455887346	35
-0.0628073131743001	1.72364294570268	4
-0.06801552691913	1.71970480916132	20
-0.0628073131743001	1.72364294570268	295
-0.0660274174278701	1.72120776019779	35
-0.0670214576976602	1.72057752612902	35
-0.05956958202992	1.72503455887346	20
-0.0660274174278701	1.72120776019779	35
-0.0670214576976602	1.72057752612902	295
-0.0575719553199301	1.72582667940082	4
-0.05956958202992	1.72503455887346	35
-0.0650334084617299	1.72160273292352	148
-0.0628073131743001	1.72364294570268	268
-0.0660274174278701	1.72120776019779	35
-0.0660274174278701	1.72120776019779	30
-0.0563140783081502	1.72568604660829	35
-0.0650334084617299	1.72160273292352	35
-0.0628073131743001	1.72364294570268	35
-0.0638037586763298	1.72285510420218	148
-0.0650334084617299	1.72160273292352	35
-0.06801552691913	1.71970480916132	35
-0.0650334084617299	1.72160273292352	35
-0.0638037586763298	1.72285510420218	251
-0.0670214576976602	1.72057752612902	32
-0.0628073131743001	1.72364294570268	148
-0.0605684494304102	1.72383033377118	277
-0.0585707498539101	1.72568889876336	277
-0.0618109009203298	1.72414013073745	35
-0.0670214576976602	1.72057752612902	160
-0.0638037586763298	1.72285510420218	30
-0.0575719553199301	1.72582667940082	185
-0.0638037586763298	1.72285510420218	32
-0.0628073131743001	1.72364294570268	35
-0.0605684494304102	1.72383033377118	251
-0.0660274174278701	1.72120776019779	32
-0.0670214576976602	1.72057752612902	1021
-0.05956958202992	1.72503455887346	277
-0.05956958202992	1.72503455887346	1224
-0.0670214576976602	1.72057752612902	118
-0.06801552691913	1.71970480916132	32
-0.0618109009203298	1.72414013073745	598
-0.0618109009203298	1.72414013073745	30
-0.0660274174278701	1.72120776019779	253
-0.0585707498539101	1.72568889876336	35
-0.0638037586763298	1.72285510420218	253
-0.05203693186224	1.72720367689416	35
-0.0670214576976602	1.72057752612902	4
-0.0638037586763298	1.72285510420218	4
-0.0648002350476999	1.72156487670113	30
-0.0638037586763298	1.72285510420218	160
-0.0648002350476999	1.72156487670113	295
-0.0628073131743001	1.72364294570268	4
-0.0650334084617299	1.72160273292352	4
-0.0628073131743001	1.72364294570268	4
-0.0628073131743001	1.72364294570268	4
-0.0628073131743001	1.72364294570268	320
-0.0660274174278701	1.72120776019779	295
-0.0690096227515502	1.71835261446828	70
-0.0670214576976602	1.72057752612902	295
-0.0660274174278701	1.72120776019779	4
-0.0628073131743001	1.72364294570268	160
-0.0660274174278701	1.72120776019779	4
-0.0638037586763298	1.72285510420218	544
-0.0690096227515502	1.71835261446828	32
-0.0638037586763298	1.72285510420218	32
-0.0660274174278701	1.72120776019779	4
-0.0670214576976602	1.72057752612902	4
-0.0585707498539101	1.72568889876336	4
-0.0660274174278701	1.72120776019779	4
-0.0660274174278701	1.72120776019779	91
-0.0660274174278701	1.72120776019779	91
-0.06801552691913	1.71970480916132	32
-0.0650334084617299	1.72160273292352	28
-0.0650334084617299	1.72160273292352	643
-0.0628073131743001	1.72364294570268	35
-0.0618109009203298	1.72414013073745	308
-0.0628073131743001	1.72364294570268	35
-0.0670214576976602	1.72057752612902	240
-0.0618109009203298	1.72414013073745	32
-0.0628073131743001	1.72364294570268	35
-0.0648002350476999	1.72156487670113	4
-0.06801552691913	1.71970480916132	643
-0.0608145243046199	1.72417568202982	240
-0.0690096227515502	1.71835261446828	240
-0.0638037586763298	1.72285510420218	237
-0.05956958202992	1.72503455887346	28
-0.0605684494304102	1.72383033377118	28
-0.0670214576976602	1.72057752612902	35
-0.06801552691913	1.71970480916132	88
-0.06801552691913	1.71970480916132	160
-0.0628073131743001	1.72364294570268	160
-0.0670214576976602	1.72057752612902	35
-0.0650334084617299	1.72160273292352	160
-0.0670214576976602	1.72057752612902	28
-0.0628073131743001	1.72364294570268	391
-0.0670214576976602	1.72057752612902	240
-0.06801552691913	1.71970480916132	2
-0.0618109009203298	1.72414013073745	28
-0.0660274174278701	1.72120776019779	240
-0.0670214576976602	1.72057752612902	136
-0.0618109009203298	1.72414013073745	160
-0.0660274174278701	1.72120776019779	136
-0.0670214576976602	1.72057752612902	240
-0.0660274174278701	1.72120776019779	10
-0.0628073131743001	1.72364294570268	160
-0.0650334084617299	1.72160273292352	28
-0.0618109009203298	1.72414013073745	160
-0.06801552691913	1.71970480916132	35
-0.0638037586763298	1.72285510420218	11
-0.0618109009203298	1.72414013073745	33
-0.0638037586763298	1.72285510420218	11
-0.0670214576976602	1.72057752612902	160
-0.0628073131743001	1.72364294570268	33
-0.0650334084617299	1.72160273292352	35
-0.05956958202992	1.72503455887346	10
-0.0628073131743001	1.72364294570268	160
-0.0628073131743001	1.72364294570268	10
-0.0650334084617299	1.72160273292352	953
-0.0638037586763298	1.72285510420218	10
-0.0670214576976602	1.72057752612902	35
-0.0638037586763298	1.72285510420218	505
-0.0670214576976602	1.72057752612902	160
-0.05956958202992	1.72503455887346	61
-0.0670214576976602	1.72057752612902	160
-0.0638037586763298	1.72285510420218	33
-0.05531280940439	1.72675593469095	61
-0.06801552691913	1.71970480916132	13
-0.0648002350476999	1.72156487670113	240
-0.0638037586763298	1.72285510420218	496
-0.06801552691913	1.71970480916132	35
-0.05956958202992	1.72503455887346	35
-0.0648002350476999	1.72156487670113	2
-0.0650334084617299	1.72160273292352	33
-0.0638037586763298	1.72285510420218	1095
-0.0670214576976602	1.72057752612902	4
-0.0660274174278701	1.72120776019779	35
-0.06801552691913	1.71970480916132	28
-0.0618109009203298	1.72414013073745	28
-0.0670214576976602	1.72057752612902	13
-0.0670214576976602	1.72057752612902	245
-0.0650334084617299	1.72160273292352	4
-0.05956958202992	1.72503455887346	11
-0.0660274174278701	1.72120776019779	28
-0.0618109009203298	1.72414013073745	13
-0.0650334084617299	1.72160273292352	61
-0.0585707498539101	1.72568889876336	13
-0.06801552691913	1.71970480916132	13
-0.06801552691913	1.71970480916132	45
-0.05531280940439	1.72675593469095	28
-0.0670214576976602	1.72057752612902	258
-0.06801552691913	1.71970480916132	28
-0.0638037586763298	1.72285510420218	4
-0.0628073131743001	1.72364294570268	258
-0.0660274174278701	1.72120776019779	258
-0.0618109009203298	1.72414013073745	13
-0.0608145243046199	1.72417568202982	258
-0.0670214576976602	1.72057752612902	13
-0.0618109009203298	1.72414013073745	13
-0.0670214576976602	1.72057752612902	322
-0.0618109009203298	1.72414013073745	13
-0.0638037586763298	1.72285510420218	13
-0.0638037586763298	1.72285510420218	4
-0.0618109009203298	1.72414013073745	13
-0.0690096227515502	1.71835261446828	12
-0.0670214576976602	1.72057752612902	11
-0.0670214576976602	1.72057752612902	4
-0.0670214576976602	1.72057752612902	1136
-0.06801552691913	1.71970480916132	572
-0.0670214576976602	1.72057752612902	245
-0.0670214576976602	1.72057752612902	339
-0.0648002350476999	1.72156487670113	322
-0.05956958202992	1.72503455887346	4
-0.0638037586763298	1.72285510420218	12
-0.0638037586763298	1.72285510420218	329
-0.0660274174278701	1.72120776019779	554
-0.0628073131743001	1.72364294570268	245
-0.0628073131743001	1.72364294570268	10
-0.0670214576976602	1.72057752612902	13
-0.06801552691913	1.71970480916132	4
-0.0585707498539101	1.72568889876336	28
-0.0670214576976602	1.72057752612902	123
-0.06801552691913	1.71970480916132	11
-0.0638037586763298	1.72285510420218	554
-0.0670214576976602	1.72057752612902	10
-0.0660274174278701	1.72120776019779	4
-0.0628073131743001	1.72364294570268	12
-0.0670214576976602	1.72057752612902	4
-0.05956958202992	1.72503455887346	28
-0.0618109009203298	1.72414013073745	28
-0.0690096227515502	1.71835261446828	13
-0.0608145243046199	1.72417568202982	245
-0.0618109009203298	1.72414013073745	554
-0.0660274174278701	1.72120776019779	322
-0.0660274174278701	1.72120776019779	11
-0.0648002350476999	1.72156487670113	99
-0.0575719553199301	1.72582667940082	322
-0.0638037586763298	1.72285510420218	1010
-0.0563140783081502	1.72568604660829	28
-0.0628073131743001	1.72364294570268	40
-0.0618109009203298	1.72414013073745	40
-0.06801552691913	1.71970480916132	133
-0.05956958202992	1.72503455887346	28
-0.0670214576976602	1.72057752612902	28
-0.06801552691913	1.71970480916132	28
-0.0638037586763298	1.72285510420218	4
-0.05956958202992	1.72503455887346	13
-0.0628073131743001	1.72364294570268	288
-0.0660274174278701	1.72120776019779	28
-0.0638037586763298	1.72285510420218	318
-0.0660274174278701	1.72120776019779	13
-0.0650334084617299	1.72160273292352	13
-0.0648002350476999	1.72156487670113	133
-0.0660274174278701	1.72120776019779	322
-0.0638037586763298	1.72285510420218	99
-0.0650334084617299	1.72160273292352	99
-0.0648002350476999	1.72156487670113	13
-0.0628073131743001	1.72364294570268	288
-0.06801552691913	1.71970480916132	48
-0.0660274174278701	1.72120776019779	48
-0.0670214576976602	1.72057752612902	99
-0.0660274174278701	1.72120776019779	40
-0.0648002350476999	1.72156487670113	288
-0.0670214576976602	1.72057752612902	48
-0.0670214576976602	1.72057752612902	133
-0.0670214576976602	1.72057752612902	133
-0.0638037586763298	1.72285510420218	99
-0.0638037586763298	1.72285510420218	13
-0.0670214576976602	1.72057752612902	48
-0.0670214576976602	1.72057752612902	40
-0.0628073131743001	1.72364294570268	4
-0.0670214576976602	1.72057752612902	133
-0.06801552691913	1.71970480916132	135
-0.0660274174278701	1.72120776019779	48
-0.0670214576976602	1.72057752612902	186
-0.0638037586763298	1.72285510420218	48
-0.06801552691913	1.71970480916132	13
-0.06801552691913	1.71970480916132	133
-0.0618109009203298	1.72414013073745	28
-0.0660274174278701	1.72120776019779	223
-0.0638037586763298	1.72285510420218	322
-0.0640394331624199	1.72156267859286	322
-0.0650334084617299	1.72160273292352	48
-0.0638037586763298	1.72285510420218	28
-0.06801552691913	1.71970480916132	322
-0.0690096227515502	1.71835261446828	223
-0.0660274174278701	1.72120776019779	322
-0.0660274174278701	1.72120776019779	40
-0.06801552691913	1.71970480916132	11
-0.0628073131743001	1.72364294570268	28
-0.0638037586763298	1.72285510420218	28
-0.0650334084617299	1.72160273292352	28
-0.0628073131743001	1.72364294570268	1160
-0.0638037586763298	1.72285510420218	28
-0.0638037586763298	1.72285510420218	28
-0.0670214576976602	1.72057752612902	28
-0.05956958202992	1.72503455887346	223
-0.0608145243046199	1.72417568202982	34
-0.0628073131743001	1.72364294570268	40
-0.0638037586763298	1.72285510420218	322
-0.0660274174278701	1.72120776019779	34
-0.0585707498539101	1.72568889876336	4
-0.0670214576976602	1.72057752612902	223
-0.0660274174278701	1.72120776019779	135
-0.0628073131743001	1.72364294570268	40
-0.0660274174278701	1.72120776019779	28
-0.0670214576976602	1.72057752612902	1297
-0.0618109009203298	1.72414013073745	28
-0.0638037586763298	1.72285510420218	28
-0.0660274174278701	1.72120776019779	28
-0.0628073131743001	1.72364294570268	709
-0.0638037586763298	1.72285510420218	1297
-0.0650334084617299	1.72160273292352	352
-0.0628073131743001	1.72364294570268	28
-0.05956958202992	1.72503455887346	11
-0.0618109009203298	1.72414013073745	4
-0.0660274174278701	1.72120776019779	52
-0.0670214576976602	1.72057752612902	28
-0.0638037586763298	1.72285510420218	28
-0.0605684494304102	1.72383033377118	4
-0.0638037586763298	1.72285510420218	11
-0.0618109009203298	1.72414013073745	114
-0.0690096227515502	1.71835261446828	34
-0.0638037586763298	1.72285510420218	40
-0.0618109009203298	1.72414013073745	11
-0.0648002350476999	1.72156487670113	28
-0.0648002350476999	1.72156487670113	52
-0.0628073131743001	1.72364294570268	4
-0.0638037586763298	1.72285510420218	33
-0.0608145243046199	1.72417568202982	28
-0.0585707498539101	1.72568889876336	11
-0.0648002350476999	1.72156487670113	859
-0.0628073131743001	1.72364294570268	114
-0.0660274174278701	1.72120776019779	11
-0.0648002350476999	1.72156487670113	686
-0.0628073131743001	1.72364294570268	48
-0.0638037586763298	1.72285510420218	28
-0.0638037586763298	1.72285510420218	4
-0.0618109009203298	1.72414013073745	34
-0.0690096227515502	1.71835261446828	4
-0.05956958202992	1.72503455887346	4
-0.0670214576976602	1.72057752612902	11
-0.0670214576976602	1.72057752612902	28
-0.0605684494304102	1.72383033377118	1285
-0.0660274174278701	1.72120776019779	244
-0.05956958202992	1.72503455887346	4
-0.06801552691913	1.71970480916132	114
-0.0638037586763298	1.72285510420218	114
-0.0628073131743001	1.72364294570268	48
-0.06801552691913	1.71970480916132	114
-0.0605684494304102	1.72383033377118	34
-0.06801552691913	1.71970480916132	33
-0.0648002350476999	1.72156487670113	33
-0.0660274174278701	1.72120776019779	34
-0.05956958202992	1.72503455887346	114
-0.05531280940439	1.72675593469095	34
-0.0585707498539101	1.72568889876336	28
-0.0628073131743001	1.72364294570268	114
-0.0660274174278701	1.72120776019779	960
-0.0585707498539101	1.72568889876336	28
-0.0670214576976602	1.72057752612902	40
-0.0670214576976602	1.72057752612902	938
-0.05956958202992	1.72503455887346	653
-0.0628073131743001	1.72364294570268	43
-0.0628073131743001	1.72364294570268	28
-0.06801552691913	1.71970480916132	653
-0.06801552691913	1.71970480916132	28
-0.0670214576976602	1.72057752612902	43
-0.0628073131743001	1.72364294570268	43
-0.0660274174278701	1.72120776019779	43
-0.0638037586763298	1.72285510420218	43
-0.0648002350476999	1.72156487670113	28
-0.0618109009203298	1.72414013073745	130
-0.0618109009203298	1.72414013073745	43
-0.0660274174278701	1.72120776019779	33
-0.0660274174278701	1.72120776019779	34
-0.06801552691913	1.71970480916132	33
-0.0618109009203298	1.72414013073745	43
-0.0585707498539101	1.72568889876336	94
-0.05956958202992	1.72503455887346	28
-0.0628073131743001	1.72364294570268	289
-0.0660274174278701	1.72120776019779	94
-0.0648002350476999	1.72156487670113	269
-0.0690096227515502	1.71835261446828	33
-0.0660274174278701	1.72120776019779	94
-0.0585707498539101	1.72568889876336	33
-0.0670214576976602	1.72057752612902	33
-0.0638037586763298	1.72285510420218	37
-0.05956958202992	1.72503455887346	94
-0.06801552691913	1.71970480916132	269
-0.0690096227515502	1.71835261446828	33
-0.0638037586763298	1.72285510420218	28
-0.0660274174278701	1.72120776019779	28
-0.0618109009203298	1.72414013073745	28
-0.0638037586763298	1.72285510420218	33
-0.06801552691913	1.71970480916132	150
-0.0585707498539101	1.72568889876336	28
-0.0670214576976602	1.72057752612902	94
-0.0640394331624199	1.72156267859286	876
-0.06801552691913	1.71970480916132	28
-0.0670214576976602	1.72057752612902	150
-0.0660274174278701	1.72120776019779	33
-0.0585707498539101	1.72568889876336	33
-0.05956958202992	1.72503455887346	28
-0.06801552691913	1.71970480916132	241
-0.0670214576976602	1.72057752612902	28
-0.0650334084617299	1.72160273292352	395
-0.0628073131743001	1.72364294570268	680
-0.0660274174278701	1.72120776019779	28
-0.0660274174278701	1.72120776019779	1014
-0.0660274174278701	1.72120776019779	395
-0.0628073131743001	1.72364294570268	150
-0.0585707498539101	1.72568889876336	680
-0.0648002350476999	1.72156487670113	1014
-0.0585707498539101	1.72568889876336	203
-0.05956958202992	1.72503455887346	33
-0.06801552691913	1.71970480916132	121
-0.0638037586763298	1.72285510420218	395
-0.0670214576976602	1.72057752612902	150
-0.0628073131743001	1.72364294570268	28
-0.0608145243046199	1.72417568202982	33
-0.06801552691913	1.71970480916132	28
-0.06801552691913	1.71970480916132	121
-0.0660274174278701	1.72120776019779	150
-0.0628073131743001	1.72364294570268	33
-0.0670214576976602	1.72057752612902	775
-0.0648002350476999	1.72156487670113	28
-0.0618109009203298	1.72414013073745	28
-0.0648002350476999	1.72156487670113	891
-0.0650334084617299	1.72160273292352	973
-0.0628073131743001	1.72364294570268	891
-0.0605684494304102	1.72383033377118	121
-0.0660274174278701	1.72120776019779	33
-0.0638037586763298	1.72285510420218	129
-0.06801552691913	1.71970480916132	28
-0.0660274174278701	1.72120776019779	28
-0.0640394331624199	1.72156267859286	33
-0.0660274174278701	1.72120776019779	424
-0.0670214576976602	1.72057752612902	195
-0.05956958202992	1.72503455887346	1126
-0.0585707498539101	1.72568889876336	28
-0.0585707498539101	1.72568889876336	424
-0.06801552691913	1.71970480916132	28
-0.0628073131743001	1.72364294570268	173
-0.0618109009203298	1.72414013073745	28
-0.0638037586763298	1.72285510420218	33
-0.0618109009203298	1.72414013073745	129
-0.0670214576976602	1.72057752612902	129
-0.0628073131743001	1.72364294570268	578
-0.0628073131743001	1.72364294570268	129
-0.0638037586763298	1.72285510420218	173
-0.0660274174278701	1.72120776019779	937
-0.0670214576976602	1.72057752612902	518
-0.0660274174278701	1.72120776019779	28
-0.05956958202992	1.72503455887346	28
-0.0648002350476999	1.72156487670113	300
-0.0575719553199301	1.72582667940082	28
-0.06801552691913	1.71970480916132	28
-0.0660274174278701	1.72120776019779	28
-0.0670214576976602	1.72057752612902	28
-0.0660274174278701	1.72120776019779	129
-0.0638037586763298	1.72285510420218	168
-0.0670214576976602	1.72057752612902	168
-0.0660274174278701	1.72120776019779	28
-0.05531280940439	1.72675593469095	168
-0.0670214576976602	1.72057752612902	168
-0.0650334084617299	1.72160273292352	316
-0.0628073131743001	1.72364294570268	316
-0.0638037586763298	1.72285510420218	316
