x	y
1.95879552552655	0.437985228139192
1.95793128711136	0.437766051086387
1.95879552552655	0.437985228139192
1.95793128711136	0.437766051086387
1.95793128711136	0.437766051086387
3.27129205644114	1.12317050813274
1.96141436018454	0.438711417164155
0.957461191854986	0.254126256439643
1.95879552552655	0.437985228139192
-1.7975657981284	0.379599665892429
1.95793128711136	0.437766051086387
1.95793128711136	0.437766051086387
-1.7975657981284	0.379599665892429
2.75805496536761	0.766752929661107
2.75805496536761	0.766752929661107
1.96141436018454	0.438711417164155
2.75805496536761	0.766752929661107
3.26732978575294	1.1211772426211
3.26630303248094	1.12023058934939
2.75704467106166	0.766025498669684
1.95793128711136	0.437766051086387
2.75805496536761	0.766752929661107
2.75805496536761	0.766752929661107
3.26732978575294	1.1211772426211
3.27025913837768	1.12233669524588
1.95793128711136	0.437766051086387
1.95793128711136	0.437766051086387
3.27129205644114	1.12317050813274
0.819227685269736	0.343693096468269
0.159251072645633	0.0298673857617753
1.07334973872896	0.519110875769603
0.173378039987466	0.0436162262322836
0.675948496687313	0.213928974911644
2.7590679263751	0.76692961097815
3.64813638806334	1.43480372807629
