group	x	y	showSelected1
1	16080	24	89
2	16130	24	89
2	16130	24	414
2	16130	24	877
3	16130	74	89
3	16130	74	414
6	16180	74	414
6	16180	74	307
6	16180	74	89
6	16180	74	787
5	16180	124	307
8	16230	124	6
8	16230	124	307
8	16230	124	19
8	16230	124	435
9	16230	174	6
9	16230	174	19
13	16280	174	19
13	16280	174	6
13	16280	174	9
13	16280	174	38
14	16280	224	9
19	16330	224	9
19	16330	224	6
19	16330	224	1225
19	16330	224	907
20	16330	274	6
26	16380	274	6
26	16380	274	1011
26	16380	274	928
26	16380	274	465
26	16380	274	349
26	16380	274	71
26	16380	274	698
27	16380	324	6
27	16380	324	1206
34	16430	324	1206
34	16430	324	6
34	16430	324	157
34	16430	324	25
34	16430	324	558
34	16430	324	822
34	16430	324	41
34	16430	324	753
34	16430	324	63
34	16430	324	65
34	16430	324	726
34	16430	324	36
35	16430	374	41
35	16430	374	63
43	16480	374	63
43	16480	374	217
43	16480	374	292
43	16480	374	17
43	16480	374	674
43	16480	374	878
43	16480	374	41
43	16480	374	932
43	16480	374	235
43	16480	374	690
44	16480	424	17
44	16480	424	1023
53	16530	424	17
53	16530	424	364
53	16530	424	236
53	16530	424	433
53	16530	424	216
53	16530	424	1023
53	16530	424	120
53	16530	424	1051
53	16530	424	469
53	16530	424	991
53	16530	424	180
53	16530	424	360
53	16530	424	513
53	16530	424	1181
53	16530	424	929
54	16530	474	216
54	16530	474	120
54	16530	474	418
64	16580	474	418
64	16580	474	206
64	16580	474	17
64	16580	474	837
64	16580	474	422
64	16580	474	962
64	16580	474	151
64	16580	474	120
64	16580	474	216
64	16580	474	373
64	16580	474	560
64	16580	474	656
64	16580	474	1213
64	16580	474	1311
64	16580	474	588
64	16580	474	1325
64	16580	474	266
64	16580	474	1184
64	16580	474	972
66	16580	524	962
66	16580	524	151
66	16580	524	328
77	16630	524	328
77	16630	524	475
77	16630	524	151
77	16630	524	603
77	16630	524	301
77	16630	524	657
77	16630	524	75
77	16630	524	863
77	16630	524	51
77	16630	524	1262
77	16630	524	1016
77	16630	524	291
77	16630	524	319
77	16630	524	1326
77	16630	524	1121
77	16630	524	610
78	16630	574	301
78	16630	574	51
90	16680	574	51
90	16680	574	59
90	16680	574	225
90	16680	574	1309
90	16680	574	393
90	16680	574	659
90	16680	574	301
90	16680	574	1278
90	16680	574	172
90	16680	574	764
90	16680	574	212
90	16680	574	219
90	16680	574	710
90	16680	574	26
90	16680	574	1192
90	16680	574	1042
90	16680	574	368
90	16680	574	1006
90	16680	574	270
90	16680	574	900
91	16680	624	304
91	16680	624	393
104	16730	624	304
104	16730	624	212
104	16730	624	393
104	16730	624	54
104	16730	624	18
104	16730	624	802
104	16730	624	144
104	16730	624	311
104	16730	624	26
105	16730	674	54
105	16730	674	18
119	16780	674	54
119	16780	674	18
119	16780	674	1246
119	16780	674	779
119	16780	674	719
119	16780	674	860
119	16780	674	1243
119	16780	674	956
119	16780	674	171
120	16780	724	18
120	16780	724	54
135	16830	724	18
135	16830	724	54
135	16830	724	201
135	16830	724	42
136	16830	774	18
136	16830	774	54
152	16880	774	54
152	16880	774	18
4	16180	24	89
4	16180	24	414
4	16180	24	877
4	16180	24	307
4	16180	24	787
12	16280	124	19
12	16280	124	6
12	16280	124	435
12	16280	124	38
12	16280	124	159
12	16280	124	965
25	16380	224	6
25	16380	224	1225
25	16380	224	1011
25	16380	224	71
25	16380	224	349
25	16380	224	698
25	16380	224	907
25	16380	224	592
42	16480	324	63
42	16480	324	41
42	16480	324	25
42	16480	324	568
42	16480	324	36
42	16480	324	65
42	16480	324	157
42	16480	324	412
42	16480	324	903
42	16480	324	543
42	16480	324	804
42	16480	324	50
63	16580	424	216
63	16580	424	120
63	16580	424	418
63	16580	424	433
63	16580	424	236
63	16580	424	17
63	16580	424	560
63	16580	424	800
63	16580	424	728
63	16580	424	180
63	16580	424	848
63	16580	424	1184
63	16580	424	302
63	16580	424	464
63	16580	424	1122
63	16580	424	515
63	16580	424	929
63	16580	424	990
63	16580	424	564
63	16580	424	1020
63	16580	424	1244
63	16580	424	218
63	16580	424	1256
63	16580	424	1063
63	16580	424	931
63	16580	424	439
63	16580	424	1212
63	16580	424	402
89	16680	524	51
89	16680	524	301
89	16680	524	59
89	16680	524	503
89	16680	524	1042
89	16680	524	270
89	16680	524	75
89	16680	524	219
89	16680	524	552
89	16680	524	992
89	16680	524	900
89	16680	524	248
89	16680	524	441
89	16680	524	784
89	16680	524	1272
89	16680	524	562
89	16680	524	299
89	16680	524	768
10	16230	74	307
10	16230	74	6
10	16230	74	787
10	16230	74	38
18	16330	174	9
18	16330	174	6
18	16330	174	907
18	16330	174	312
18	16330	174	159
18	16330	174	627
33	16430	274	6
33	16430	274	726
33	16430	274	65
33	16430	274	157
33	16430	274	465
33	16430	274	542
33	16430	274	9
33	16430	274	349
33	16430	274	1251
33	16430	274	336
33	16430	274	715
52	16530	374	17
52	16530	374	469
52	16530	374	217
52	16530	374	563
52	16530	374	1247
52	16530	374	235
52	16530	374	360
52	16530	374	513
52	16530	374	690
52	16530	374	41
52	16530	374	1181
52	16530	374	232
52	16530	374	633
52	16530	374	1267
52	16530	374	327
52	16530	374	474
52	16530	374	984
52	16530	374	242
52	16530	374	622
52	16530	374	36
75	16630	474	1016
75	16630	474	151
75	16630	474	794
75	16630	474	511
75	16630	474	858
75	16630	474	930
75	16630	474	610
75	16630	474	266
75	16630	474	17
75	16630	474	1281
75	16630	474	1194
75	16630	474	1121
75	16630	474	164
75	16630	474	75
75	16630	474	1239
75	16630	474	917
75	16630	474	642
75	16630	474	972
75	16630	474	1249
75	16630	474	305
75	16630	474	1261
75	16630	474	1316
75	16630	474	265
75	16630	474	561
75	16630	474	86
75	16630	474	384
75	16630	474	1318
75	16630	474	1314
75	16630	474	1059
75	16630	474	845
75	16630	474	81
75	16630	474	1319
103	16730	574	393
103	16730	574	212
103	16730	574	304
103	16730	574	172
103	16730	574	26
103	16730	574	368
103	16730	574	659
103	16730	574	941
103	16730	574	875
103	16730	574	219
103	16730	574	725
103	16730	574	843
103	16730	574	745
103	16730	574	599
103	16730	574	904
103	16730	574	59
103	16730	574	311
103	16730	574	1124
103	16730	574	5
103	16730	574	187
103	16730	574	1202
103	16730	574	178
103	16730	574	1287
103	16730	574	711
103	16730	574	1268
103	16730	574	102
103	16730	574	594
103	16730	574	1304
118	16780	624	54
118	16780	624	18
118	16780	624	144
118	16780	624	922
118	16780	624	311
118	16780	624	304
118	16780	624	879
118	16780	624	171
118	16780	624	1290
118	16780	624	720
118	16780	624	663
118	16780	624	1064
118	16780	624	252
118	16780	624	26
118	16780	624	438
118	16780	624	1211
118	16780	624	451
134	16830	674	18
134	16830	674	54
134	16830	674	409
134	16830	674	1040
134	16830	674	956
134	16830	674	171
134	16830	674	42
134	16830	674	252
151	16880	724	54
151	16880	724	18
151	16880	724	1077
151	16880	724	42
151	16880	724	104
151	16880	724	569
7	16230	24	307
7	16230	24	787
7	16230	24	437
7	16230	24	6
7	16230	24	824
15	16280	74	6
15	16280	74	38
15	16280	74	480
15	16280	74	307
15	16280	74	965
15	16280	74	824
17	16330	124	6
17	16330	124	38
17	16330	124	312
17	16330	124	159
24	16380	174	907
24	16380	174	6
24	16380	174	592
24	16380	174	627
24	16380	174	71
24	16380	174	159
24	16380	174	1193
24	16380	174	1228
24	16380	174	613
32	16430	224	349
32	16430	224	542
32	16430	224	1251
32	16430	224	71
32	16430	224	1214
32	16430	224	9
32	16430	224	65
32	16430	224	134
32	16430	224	159
32	16430	224	6
32	16430	224	867
32	16430	224	76
32	16430	224	807
32	16430	224	1228
41	16480	274	65
41	16480	274	36
41	16480	274	336
41	16480	274	9
41	16480	274	1222
41	16480	274	76
41	16480	274	1324
51	16530	324	41
51	16530	324	36
51	16530	324	412
51	16530	324	327
51	16530	324	804
51	16530	324	217
51	16530	324	543
51	16530	324	17
51	16530	324	668
51	16530	324	280
51	16530	324	444
51	16530	324	997
51	16530	324	76
51	16530	324	587
62	16580	374	17
62	16580	374	929
62	16580	374	513
62	16580	374	282
62	16580	374	1256
62	16580	374	302
62	16580	374	1106
62	16580	374	528
62	16580	374	242
62	16580	374	622
62	16580	374	137
62	16580	374	36
62	16580	374	402
62	16580	374	439
62	16580	374	286
62	16580	374	90
62	16580	374	524
62	16580	374	1045
62	16580	374	801
74	16630	424	17
74	16630	424	990
74	16630	424	86
74	16630	424	1061
74	16630	424	384
74	16630	424	856
74	16630	424	931
74	16630	424	265
74	16630	424	580
74	16630	424	1318
74	16630	424	202
74	16630	424	402
74	16630	424	151
74	16630	424	439
74	16630	424	675
74	16630	424	211
74	16630	424	383
74	16630	424	676
74	16630	424	827
74	16630	424	1264
74	16630	424	806
74	16630	424	844
74	16630	424	712
74	16630	424	850
74	16630	424	1154
74	16630	424	72
87	16680	474	75
87	16680	474	1249
87	16680	474	561
87	16680	474	301
87	16680	474	51
87	16680	474	81
87	16680	474	243
87	16680	474	1319
87	16680	474	151
87	16680	474	847
87	16680	474	1118
87	16680	474	729
87	16680	474	279
87	16680	474	683
87	16680	474	68
87	16680	474	1161
87	16680	474	1092
87	16680	474	1241
87	16680	474	946
102	16730	524	59
102	16730	524	900
102	16730	524	1202
102	16730	524	1199
102	16730	524	178
102	16730	524	5
102	16730	524	784
102	16730	524	75
102	16730	524	600
102	16730	524	102
102	16730	524	299
102	16730	524	599
102	16730	524	1093
102	16730	524	1298
102	16730	524	768
102	16730	524	447
102	16730	524	647
102	16730	524	247
102	16730	524	51
102	16730	524	1189
102	16730	524	158
102	16730	524	1138
102	16730	524	1166
102	16730	524	394
102	16730	524	523
102	16730	524	852
102	16730	524	1245
102	16730	524	430
102	16730	524	28
117	16780	574	311
117	16780	574	304
117	16780	574	144
117	16780	574	26
117	16780	574	697
117	16780	574	1211
117	16780	574	1057
117	16780	574	102
117	16780	574	742
117	16780	574	451
117	16780	574	771
117	16780	574	594
117	16780	574	252
117	16780	574	476
117	16780	574	74
117	16780	574	247
117	16780	574	110
117	16780	574	18
117	16780	574	1150
117	16780	574	75
117	16780	574	153
133	16830	624	18
133	16830	624	171
133	16830	624	720
133	16830	624	252
133	16830	624	54
133	16830	624	451
133	16830	624	110
133	16830	624	792
150	16880	674	18
150	16880	674	42
150	16880	674	54
150	16880	674	104
150	16880	674	1292
150	16880	674	446
167	16930	724	54
167	16930	724	18
167	16930	724	569
11	16280	24	6
11	16280	24	307
11	16280	24	824
11	16280	24	480
23	16380	124	159
23	16380	124	1193
23	16380	124	312
23	16380	124	627
23	16380	124	613
23	16380	124	706
23	16380	124	250
23	16380	124	38
23	16380	124	9
23	16380	124	196
23	16380	124	682
40	16480	224	9
40	16480	224	76
40	16480	224	134
40	16480	224	807
40	16480	224	65
61	16580	324	36
61	16580	324	327
61	16580	324	90
61	16580	324	444
61	16580	324	76
61	16580	324	286
61	16580	324	17
61	16580	324	23
61	16580	324	587
61	16580	324	335
61	16580	324	732
61	16580	324	85
61	16580	324	830
86	16680	424	151
86	16680	424	81
86	16680	424	847
86	16680	424	844
86	16680	424	72
86	16680	424	1118
86	16680	424	850
86	16680	424	597
86	16680	424	452
86	16680	424	1162
86	16680	424	243
86	16680	424	68
86	16680	424	211
86	16680	424	797
86	16680	424	108
86	16680	424	17
86	16680	424	946
86	16680	424	1013
86	16680	424	75
86	16680	424	896
86	16680	424	678
86	16680	424	1240
86	16680	424	279
86	16680	424	1286
86	16680	424	254
86	16680	424	456
116	16780	524	102
116	16780	524	178
116	16780	524	247
116	16780	524	74
116	16780	524	75
116	16780	524	1019
116	16780	524	311
116	16780	524	158
116	16780	524	534
116	16780	524	1245
116	16780	524	445
116	16780	524	1168
116	16780	524	28
116	16780	524	523
116	16780	524	18
116	16780	524	1094
116	16780	524	153
116	16780	524	1088
116	16780	524	691
116	16780	524	874
116	16780	524	394
116	16780	524	1232
116	16780	524	1079
116	16780	524	1005
116	16780	524	851
116	16780	524	841
116	16780	524	1
116	16780	524	1054
116	16780	524	184
116	16780	524	1282
116	16780	524	724
116	16780	524	1081
116	16780	524	1302
21	16330	74	38
21	16330	74	159
21	16330	74	480
21	16330	74	307
21	16330	74	824
21	16330	74	9
31	16430	174	71
31	16430	174	159
31	16430	174	1228
31	16430	174	134
31	16430	174	9
31	16430	174	250
31	16430	174	613
31	16430	174	748
50	16530	274	36
50	16530	274	543
50	16530	274	65
50	16530	274	997
50	16530	274	754
50	16530	274	9
50	16530	274	587
50	16530	274	76
50	16530	274	357
50	16530	274	611
73	16630	374	402
73	16630	374	17
73	16630	374	676
73	16630	374	143
73	16630	374	383
73	16630	374	1151
73	16630	374	1220
73	16630	374	286
73	16630	374	566
73	16630	374	801
73	16630	374	108
73	16630	374	650
73	16630	374	736
73	16630	374	156
73	16630	374	190
100	16730	474	75
100	16730	474	51
100	16730	474	301
100	16730	474	279
100	16730	474	394
100	16730	474	1166
100	16730	474	430
100	16730	474	1161
100	16730	474	833
100	16730	474	1092
100	16730	474	921
100	16730	474	852
100	16730	474	1241
100	16730	474	68
100	16730	474	78
100	16730	474	946
100	16730	474	1017
100	16730	474	28
100	16730	474	516
100	16730	474	44
100	16730	474	189
100	16730	474	1201
100	16730	474	331
100	16730	474	885
149	16880	624	18
149	16880	624	54
149	16880	624	1292
149	16880	624	1027
149	16880	624	704
149	16880	624	390
149	16880	624	1049
149	16880	624	899
166	16930	674	54
166	16930	674	18
166	16930	674	569
166	16930	674	446
166	16930	674	358
132	16830	574	451
132	16830	574	252
132	16830	574	110
132	16830	574	1150
132	16830	574	54
132	16830	574	18
132	16830	574	102
132	16830	574	390
132	16830	574	792
132	16830	574	28
132	16830	574	488
132	16830	574	773
132	16830	574	1171
132	16830	574	504
16	16330	24	307
16	16330	24	480
16	16330	24	824
16	16330	24	628
16	16330	24	159
16	16330	24	9
28	16380	74	159
28	16380	74	38
28	16380	74	9
28	16380	74	250
28	16380	74	196
28	16380	74	682
28	16380	74	1035
28	16380	74	634
28	16380	74	669
30	16430	124	159
30	16430	124	250
30	16430	124	613
30	16430	124	9
30	16430	124	522
30	16430	124	64
39	16480	174	134
39	16480	174	9
39	16480	174	76
39	16480	174	192
39	16480	174	748
39	16480	174	1097
39	16480	174	881
49	16530	224	9
49	16530	224	65
49	16530	224	76
49	16530	224	849
49	16530	224	163
60	16580	274	36
60	16580	274	587
60	16580	274	76
60	16580	274	335
60	16580	274	9
60	16580	274	854
60	16580	274	830
60	16580	274	85
60	16580	274	163
72	16630	324	17
72	16630	324	286
72	16630	324	23
72	16630	324	156
72	16630	324	650
72	16630	324	36
72	16630	324	76
72	16630	324	108
72	16630	324	752
72	16630	324	1301
72	16630	324	190
72	16630	324	85
72	16630	324	213
72	16630	324	407
72	16630	324	1195
72	16630	324	1022
85	16680	374	17
85	16680	374	108
85	16680	374	571
85	16680	374	72
85	16680	374	190
85	16680	374	456
85	16680	374	1038
85	16680	374	1223
85	16680	374	898
85	16680	374	684
85	16680	374	872
85	16680	374	977
85	16680	374	763
85	16680	374	69
99	16730	424	946
99	16730	424	68
99	16730	424	81
99	16730	424	75
99	16730	424	359
99	16730	424	1075
99	16730	424	279
99	16730	424	78
99	16730	424	1286
99	16730	424	254
99	16730	424	408
99	16730	424	301
99	16730	424	1197
99	16730	424	72
99	16730	424	145
99	16730	424	1242
99	16730	424	1071
99	16730	424	978
99	16730	424	321
99	16730	424	79
99	16730	424	69
99	16730	424	987
99	16730	424	1111
99	16730	424	746
114	16780	474	28
114	16780	474	394
114	16780	474	523
114	16780	474	75
114	16780	474	516
114	16780	474	44
114	16780	474	184
114	16780	474	1054
114	16780	474	331
114	16780	474	724
114	16780	474	761
114	16780	474	189
114	16780	474	1
114	16780	474	885
114	16780	474	363
114	16780	474	165
114	16780	474	78
114	16780	474	279
114	16780	474	1302
114	16780	474	895
114	16780	474	908
114	16780	474	842
114	16780	474	113
114	16780	474	197
114	16780	474	1191
114	16780	474	1227
114	16780	474	294
114	16780	474	661
114	16780	474	1175
114	16780	474	1322
131	16830	524	102
131	16830	524	153
131	16830	524	18
131	16830	524	1171
131	16830	524	1025
131	16830	524	835
131	16830	524	28
131	16830	524	75
131	16830	524	54
131	16830	524	1066
131	16830	524	1081
131	16830	524	811
131	16830	524	955
131	16830	524	158
131	16830	524	1041
131	16830	524	638
131	16830	524	1302
131	16830	524	550
131	16830	524	1
131	16830	524	107
131	16830	524	1029
131	16830	524	15
131	16830	524	790
131	16830	524	396
131	16830	524	625
131	16830	524	1266
148	16880	574	54
148	16880	574	390
148	16880	574	18
148	16880	574	773
148	16880	574	504
148	16880	574	488
148	16880	574	790
148	16880	574	31
148	16880	574	899
148	16880	574	714
148	16880	574	730
165	16930	624	18
165	16930	624	54
165	16930	624	358
165	16930	624	1049
165	16930	624	899
165	16930	624	140
181	16980	674	54
181	16980	674	18
22	16380	24	159
22	16380	24	634
22	16380	24	9
22	16380	24	1035
22	16380	24	585
38	16480	124	9
38	16480	124	159
38	16480	124	748
38	16480	124	522
38	16480	124	76
38	16480	124	1238
38	16480	124	64
38	16480	124	939
59	16580	224	9
59	16580	224	76
59	16580	224	163
59	16580	224	630
59	16580	224	1108
84	16680	324	108
84	16680	324	213
84	16680	324	1295
84	16680	324	72
84	16680	324	85
84	16680	324	401
84	16680	324	993
84	16680	324	763
84	16680	324	1022
84	16680	324	55
84	16680	324	138
84	16680	324	814
84	16680	324	56
113	16780	424	78
113	16780	424	279
113	16780	424	301
113	16780	424	189
113	16780	424	908
113	16780	424	113
113	16780	424	75
113	16780	424	197
113	16780	424	1030
113	16780	424	79
113	16780	424	165
113	16780	424	1227
113	16780	424	1226
113	16780	424	1175
113	16780	424	593
113	16780	424	72
113	16780	424	1322
113	16780	424	294
113	16780	424	28
113	16780	424	661
113	16780	424	1229
113	16780	424	489
113	16780	424	500
113	16780	424	1
113	16780	424	499
113	16780	424	15
147	16880	524	54
147	16880	524	18
147	16880	524	790
147	16880	524	396
147	16880	524	31
147	16880	524	550
147	16880	524	625
147	16880	524	15
147	16880	524	1116
147	16880	524	1113
147	16880	524	730
147	16880	524	385
147	16880	524	57
147	16880	524	310
147	16880	524	646
147	16880	524	1259
180	16980	624	54
180	16980	624	18
180	16980	624	1015
180	16980	624	892
180	16980	624	98
36	16430	74	9
36	16430	74	682
36	16430	74	196
36	16430	74	64
36	16430	74	669
36	16430	74	106
48	16530	174	9
48	16530	174	76
48	16530	174	849
48	16530	174	1097
48	16530	174	1323
48	16530	174	163
48	16530	174	366
71	16630	274	85
71	16630	274	76
71	16630	274	830
71	16630	274	9
71	16630	274	138
71	16630	274	348
71	16630	274	1145
98	16730	374	72
98	16730	374	898
98	16730	374	978
98	16730	374	69
98	16730	374	819
98	16730	374	1125
98	16730	374	602
98	16730	374	864
98	16730	374	108
98	16730	374	1255
98	16730	374	853
98	16730	374	58
98	16730	374	79
98	16730	374	812
98	16730	374	55
98	16730	374	575
98	16730	374	636
98	16730	374	749
98	16730	374	1203
98	16730	374	912
98	16730	374	285
129	16830	474	1302
129	16830	474	1
129	16830	474	28
129	16830	474	363
129	16830	474	158
129	16830	474	107
129	16830	474	842
129	16830	474	15
129	16830	474	350
129	16830	474	666
129	16830	474	1191
129	16830	474	614
129	16830	474	652
129	16830	474	550
129	16830	474	635
129	16830	474	297
129	16830	474	377
129	16830	474	294
129	16830	474	1266
129	16830	474	782
129	16830	474	661
129	16830	474	696
129	16830	474	813
129	16830	474	576
129	16830	474	1300
129	16830	474	399
129	16830	474	57
129	16830	474	549
129	16830	474	1001
129	16830	474	374
164	16930	574	18
164	16930	574	899
164	16930	574	54
164	16930	574	714
164	16930	574	140
164	16930	574	31
164	16930	574	730
164	16930	574	1129
29	16430	24	9
29	16430	24	64
29	16430	24	330
29	16430	24	106
45	16480	74	64
45	16480	74	106
45	16480	74	9
45	16480	74	1037
45	16480	74	303
47	16530	124	9
47	16530	124	76
47	16530	124	939
47	16530	124	612
47	16530	124	615
47	16530	124	760
47	16530	124	366
47	16530	124	1158
47	16530	124	902
47	16530	124	370
58	16580	174	163
58	16580	174	76
58	16580	174	1108
58	16580	174	9
58	16580	174	589
58	16580	174	366
58	16580	174	688
58	16580	174	1142
70	16630	224	9
70	16630	224	76
70	16630	224	493
70	16630	224	85
70	16630	224	639
70	16630	224	671
70	16630	224	56
83	16680	274	85
83	16680	274	138
83	16680	274	348
83	16680	274	108
83	16680	274	723
83	16680	274	347
83	16680	274	76
83	16680	274	695
83	16680	274	1145
83	16680	274	56
83	16680	274	7
83	16680	274	923
83	16680	274	115
83	16680	274	1230
83	16680	274	778
97	16730	324	108
97	16730	324	55
97	16730	324	575
97	16730	324	1203
97	16730	324	154
97	16730	324	58
97	16730	324	1307
97	16730	324	783
97	16730	324	285
97	16730	324	116
97	16730	324	53
97	16730	324	601
97	16730	324	7
112	16780	374	72
112	16780	374	79
112	16780	374	812
112	16780	374	772
112	16780	374	75
112	16780	374	58
112	16780	374	912
112	16780	374	279
112	16780	374	226
112	16780	374	301
112	16780	374	644
112	16780	374	894
112	16780	374	285
112	16780	374	15
112	16780	374	645
112	16780	374	920
112	16780	374	53
112	16780	374	1188
112	16780	374	14
112	16780	374	548
112	16780	374	793
112	16780	374	398
112	16780	374	1002
112	16780	374	290
112	16780	374	861
112	16780	374	595
112	16780	374	7
112	16780	374	507
112	16780	374	1288
112	16780	374	883
112	16780	374	490
145	16880	474	15
145	16880	474	1113
145	16880	474	625
145	16880	474	652
145	16880	474	696
145	16880	474	399
145	16880	474	57
145	16880	474	18
145	16880	474	385
145	16880	474	54
145	16880	474	646
145	16880	474	549
145	16880	474	374
145	16880	474	380
145	16880	474	310
145	16880	474	537
145	16880	474	207
145	16880	474	769
145	16880	474	655
145	16880	474	829
145	16880	474	261
145	16880	474	1306
145	16880	474	429
163	16930	524	18
163	16930	524	730
163	16930	524	54
163	16930	524	565
163	16930	524	275
163	16930	524	310
163	16930	524	448
163	16930	524	385
163	16930	524	429
163	16930	524	985
163	16930	524	1259
163	16930	524	670
163	16930	524	738
163	16930	524	737
163	16930	524	857
163	16930	524	649
163	16930	524	739
163	16930	524	21
163	16930	524	1032
163	16930	524	983
128	16830	424	661
128	16830	424	294
128	16830	424	28
128	16830	424	1
128	16830	424	489
128	16830	424	614
128	16830	424	1254
128	16830	424	208
128	16830	424	499
128	16830	424	15
128	16830	424	500
128	16830	424	1001
128	16830	424	279
128	16830	424	374
128	16830	424	233
128	16830	424	1087
128	16830	424	443
128	16830	424	1044
128	16830	424	481
128	16830	424	617
128	16830	424	423
128	16830	424	1231
128	16830	424	386
128	16830	424	1207
128	16830	424	382
128	16830	424	916
179	16980	574	18
179	16980	574	54
179	16980	574	140
179	16980	574	98
179	16980	574	124
179	16980	574	275
179	16980	574	1083
179	16980	574	119
194	17030	624	54
194	17030	624	98
194	17030	624	18
37	16480	24	64
37	16480	24	106
37	16480	24	303
37	16480	24	9
37	16480	24	330
37	16480	24	76
57	16580	124	76
57	16580	124	366
57	16580	124	370
57	16580	124	612
57	16580	124	688
57	16580	124	9
57	16580	124	1142
57	16580	124	167
57	16580	124	200
57	16580	124	204
57	16580	124	170
57	16580	124	484
57	16580	124	820
57	16580	124	718
82	16680	224	85
82	16680	224	56
82	16680	224	671
82	16680	224	229
82	16680	224	778
82	16680	224	76
82	16680	224	9
82	16680	224	1067
82	16680	224	546
82	16680	224	1170
82	16680	224	1069
82	16680	224	901
82	16680	224	161
82	16680	224	77
111	16780	324	285
111	16780	324	53
111	16780	324	108
111	16780	324	290
111	16780	324	7
111	16780	324	14
111	16780	324	8
111	16780	324	507
111	16780	324	490
111	16780	324	1313
111	16780	324	77
111	16780	324	508
111	16780	324	342
144	16880	424	374
144	16880	424	15
144	16880	424	207
144	16880	424	481
144	16880	424	57
144	16880	424	1000
144	16880	424	1248
144	16880	424	386
144	16880	424	829
144	16880	424	855
144	16880	424	21
144	16880	424	582
144	16880	424	415
144	16880	424	655
144	16880	424	948
144	16880	424	467
144	16880	424	261
144	16880	424	1221
144	16880	424	1082
144	16880	424	1257
144	16880	424	382
144	16880	424	539
144	16880	424	22
144	16880	424	432
144	16880	424	1284
144	16880	424	77
144	16880	424	927
144	16880	424	205
144	16880	424	62
144	16880	424	293
178	16980	524	54
178	16980	524	18
178	16980	524	275
178	16980	524	737
178	16980	524	21
178	16980	524	983
178	16980	524	230
178	16980	524	429
178	16980	524	836
178	16980	524	119
178	16980	524	1053
178	16980	524	798
178	16980	524	397
178	16980	524	1100
178	16980	524	264
178	16980	524	160
55	16530	74	9
55	16530	74	64
55	16530	74	76
55	16530	74	1037
55	16530	74	106
55	16530	74	1157
55	16530	74	751
69	16630	174	76
69	16630	174	9
69	16630	174	688
69	16630	174	1142
69	16630	174	556
69	16630	174	222
69	16630	174	132
69	16630	174	1205
69	16630	174	1107
96	16730	274	108
96	16730	274	7
96	16730	274	116
96	16730	274	923
96	16730	274	56
96	16730	274	1230
96	16730	274	601
96	16730	274	115
96	16730	274	77
96	16730	274	131
96	16730	274	461
127	16830	374	279
127	16830	374	920
127	16830	374	15
127	16830	374	500
127	16830	374	617
127	16830	374	644
127	16830	374	1002
127	16830	374	382
127	16830	374	7
127	16830	374	989
127	16830	374	423
127	16830	374	619
127	16830	374	1072
127	16830	374	916
127	16830	374	14
127	16830	374	111
127	16830	374	77
127	16830	374	616
127	16830	374	481
127	16830	374	816
127	16830	374	530
127	16830	374	8
161	16930	474	310
161	16930	474	385
161	16930	474	429
161	16930	474	1187
161	16930	474	857
161	16930	474	655
161	16930	474	870
161	16930	474	155
161	16930	474	979
161	16930	474	261
161	16930	474	21
161	16930	474	527
161	16930	474	345
161	16930	474	1039
161	16930	474	18
161	16930	474	205
193	17030	574	54
193	17030	574	98
193	17030	574	18
193	17030	574	1009
193	17030	574	873
193	17030	574	1132
193	17030	574	1149
193	17030	574	1200
193	17030	574	119
193	17030	574	29
46	16530	24	106
46	16530	24	64
46	16530	24	9
46	16530	24	751
46	16530	24	76
46	16530	24	731
46	16530	24	191
46	16530	24	1305
65	16580	74	9
65	16580	74	76
65	16580	74	204
65	16580	74	820
65	16580	74	1303
65	16580	74	484
65	16580	74	200
65	16580	74	170
65	16580	74	705
68	16630	124	76
68	16630	124	1142
68	16630	124	9
68	16630	124	167
68	16630	124	405
68	16630	124	556
68	16630	124	287
68	16630	124	170
68	16630	124	132
68	16630	124	1107
68	16630	124	1205
68	16630	124	718
68	16630	124	179
68	16630	124	455
68	16630	124	427
68	16630	124	964
81	16680	174	9
81	16680	174	76
81	16680	174	1067
81	16680	174	222
81	16680	174	546
81	16680	174	149
81	16680	174	161
81	16680	174	1098
81	16680	174	162
81	16680	174	274
81	16680	174	229
81	16680	174	132
81	16680	174	1096
95	16730	224	56
95	16730	224	115
95	16730	224	884
95	16730	224	229
95	16730	224	77
95	16730	224	1310
95	16730	224	901
95	16730	224	744
95	16730	224	131
95	16730	224	734
95	16730	224	7
95	16730	224	161
95	16730	224	82
95	16730	224	743
95	16730	224	450
110	16780	274	7
110	16780	274	77
110	16780	274	461
110	16780	274	502
110	16780	274	508
110	16780	274	573
110	16780	274	131
110	16780	274	862
110	16780	274	460
110	16780	274	56
110	16780	274	1152
110	16780	274	142
110	16780	274	935
126	16830	324	7
126	16830	324	8
126	16830	324	816
126	16830	324	111
126	16830	324	15
126	16830	324	77
126	16830	324	342
126	16830	324	508
126	16830	324	279
126	16830	324	1026
126	16830	324	351
126	16830	324	174
126	16830	324	126
126	16830	324	547
143	16880	374	382
143	16880	374	77
143	16880	374	22
143	16880	374	62
143	16880	374	293
143	16880	374	530
143	16880	374	8
143	16880	374	111
143	16880	374	949
143	16880	374	466
143	16880	374	839
143	16880	374	468
143	16880	374	795
160	16930	424	57
160	16930	424	655
160	16930	424	261
160	16930	424	155
160	16930	424	1048
160	16930	424	21
160	16930	424	205
160	16930	424	1039
160	16930	424	22
160	16930	424	293
160	16930	424	413
160	16930	424	1265
160	16930	424	944
160	16930	424	1217
160	16930	424	526
160	16930	424	425
160	16930	424	139
160	16930	424	591
192	17030	524	54
192	17030	524	119
192	17030	524	18
192	17030	524	160
192	17030	524	131
192	17030	524	1052
192	17030	524	176
192	17030	524	29
192	17030	524	1159
192	17030	524	109
192	17030	524	436
192	17030	524	60
192	17030	524	933
176	16980	474	21
176	16980	474	1053
176	16980	474	429
176	16980	474	527
176	16980	474	1100
176	16980	474	264
176	16980	474	345
176	16980	474	494
176	16980	474	1101
176	16980	474	209
176	16980	474	54
176	16980	474	18
176	16980	474	1055
176	16980	474	155
176	16980	474	249
176	16980	474	621
176	16980	474	453
176	16980	474	1056
176	16980	474	623
176	16980	474	1210
176	16980	474	379
206	17080	574	29
206	17080	574	18
206	17080	574	767
56	16580	24	76
56	16580	24	9
56	16580	24	64
56	16580	24	191
56	16580	24	204
80	16680	124	9
80	16680	124	132
80	16680	124	287
80	16680	124	455
80	16680	124	162
80	16680	124	1236
80	16680	124	76
80	16680	124	964
80	16680	124	1112
80	16680	124	375
109	16780	224	131
109	16780	224	7
109	16780	224	56
109	16780	224	743
109	16780	224	77
109	16780	224	229
109	16780	224	103
109	16780	224	450
109	16780	224	142
109	16780	224	629
142	16880	324	111
142	16880	324	8
142	16880	324	952
142	16880	324	279
142	16880	324	466
142	16880	324	174
142	16880	324	77
142	16880	324	126
142	16880	324	547
142	16880	324	519
142	16880	324	62
142	16880	324	49
142	16880	324	278
142	16880	324	735
142	16880	324	968
142	16880	324	22
142	16880	324	128
175	16980	424	21
175	16980	424	155
175	16980	424	209
175	16980	424	762
175	16980	424	526
175	16980	424	146
175	16980	424	139
175	16980	424	958
175	16980	424	309
175	16980	424	83
175	16980	424	80
175	16980	424	988
175	16980	424	22
175	16980	424	1028
175	16980	424	667
175	16980	424	1139
175	16980	424	112
175	16980	424	531
175	16980	424	355
205	17080	524	18
205	17080	524	29
205	17080	524	54
205	17080	524	434
205	17080	524	176
205	17080	524	694
205	17080	524	109
205	17080	524	436
205	17080	524	1169
205	17080	524	60
205	17080	524	933
205	17080	524	1143
205	17080	524	828
205	17080	524	755
76	16630	74	170
76	16630	74	718
76	16630	74	200
76	16630	74	76
76	16630	74	705
76	16630	74	427
76	16630	74	1269
76	16630	74	179
76	16630	74	199
76	16630	74	191
76	16630	74	9
76	16630	74	84
76	16630	74	2
94	16730	174	229
94	16730	174	161
94	16730	174	546
94	16730	174	274
94	16730	174	82
94	16730	174	149
94	16730	174	734
94	16730	174	9
94	16730	174	162
94	16730	174	56
94	16730	174	101
94	16730	174	419
94	16730	174	2
125	16830	274	7
125	16830	274	508
125	16830	274	351
125	16830	274	8
125	16830	274	573
125	16830	274	1047
125	16830	274	1152
125	16830	274	56
125	16830	274	126
125	16830	274	935
125	16830	274	142
125	16830	274	821
125	16830	274	1215
125	16830	274	757
159	16930	374	293
159	16930	374	22
159	16930	374	533
159	16930	374	62
159	16930	374	944
159	16930	374	21
159	16930	374	260
159	16930	374	468
159	16930	374	1120
159	16930	374	591
159	16930	374	428
159	16930	374	77
159	16930	374	981
159	16930	374	950
159	16930	374	1104
159	16930	374	3
159	16930	374	416
159	16930	374	175
159	16930	374	713
159	16930	374	234
159	16930	374	4
190	17030	474	18
190	17030	474	54
190	17030	474	160
190	17030	474	264
190	17030	474	21
190	17030	474	214
190	17030	474	453
190	17030	474	623
190	17030	474	117
190	17030	474	109
190	17030	474	60
190	17030	474	379
190	17030	474	344
190	17030	474	933
190	17030	474	826
190	17030	474	127
190	17030	474	825
190	17030	474	332
190	17030	474	975
190	17030	474	1137
190	17030	474	1110
67	16630	24	76
67	16630	24	191
67	16630	24	1273
67	16630	24	84
67	16630	24	2
67	16630	24	1034
67	16630	24	326
88	16680	74	76
88	16680	74	179
88	16680	74	9
88	16680	74	141
88	16680	74	191
88	16680	74	766
88	16680	74	2
88	16680	74	84
88	16680	74	375
93	16730	124	9
93	16730	124	101
93	16730	124	375
93	16730	124	229
93	16730	124	817
93	16730	124	810
93	16730	124	2
93	16730	124	818
93	16730	124	24
108	16780	174	229
108	16780	174	450
108	16780	174	56
108	16780	174	419
108	16780	174	2
108	16780	174	101
108	16780	174	629
124	16830	224	142
124	16830	224	56
124	16830	224	935
124	16830	224	7
124	16830	224	629
124	16830	224	805
124	16830	224	757
124	16830	224	473
141	16880	274	126
141	16880	274	8
141	16880	274	458
141	16880	274	1215
141	16880	274	49
141	16880	274	789
141	16880	274	128
141	16880	274	525
141	16880	274	735
141	16880	274	174
141	16880	274	586
141	16880	274	757
141	16880	274	22
141	16880	274	1283
141	16880	274	111
141	16880	274	1109
158	16930	324	62
158	16930	324	77
158	16930	324	22
158	16930	324	278
158	16930	324	658
158	16930	324	968
158	16930	324	1299
158	16930	324	1007
158	16930	324	8
158	16930	324	1308
158	16930	324	3
158	16930	324	234
158	16930	324	4
158	16930	324	498
158	16930	324	174
158	16930	324	1068
158	16930	324	49
158	16930	324	1123
158	16930	324	1090
158	16930	324	974
158	16930	324	97
158	16930	324	517
158	16930	324	486
174	16980	374	22
174	16980	374	21
174	16980	374	667
174	16980	374	139
174	16980	374	416
174	16980	374	713
174	16980	374	112
174	16980	374	83
174	16980	374	146
174	16980	374	831
174	16980	374	4
174	16980	374	284
174	16980	374	1128
174	16980	374	355
174	16980	374	487
174	16980	374	620
174	16980	374	1148
174	16980	374	584
174	16980	374	406
189	17030	424	21
189	17030	424	379
189	17030	424	80
189	17030	424	83
189	17030	424	344
189	17030	424	127
189	17030	424	214
189	17030	424	355
189	17030	424	112
189	17030	424	146
189	17030	424	531
189	17030	424	934
189	17030	424	109
189	17030	424	1137
189	17030	424	1110
189	17030	424	298
189	17030	424	166
189	17030	424	487
189	17030	424	1253
189	17030	424	1091
189	17030	424	664
189	17030	424	1270
189	17030	424	665
189	17030	424	259
189	17030	424	660
189	17030	424	16
189	17030	424	273
203	17080	474	933
203	17080	474	60
203	17080	474	109
203	17080	474	54
203	17080	474	492
203	17080	474	828
203	17080	474	117
203	17080	474	776
203	17080	474	92
203	17080	474	975
203	17080	474	118
203	17080	474	332
203	17080	474	1110
203	17080	474	640
203	17080	474	152
203	17080	474	1296
203	17080	474	1058
203	17080	474	936
217	17130	524	54
217	17130	524	109
217	17130	524	60
217	17130	524	755
217	17130	524	640
79	16680	24	2
79	16680	24	84
79	16680	24	1034
79	16680	24	766
79	16680	24	141
79	16680	24	326
79	16680	24	577
107	16780	124	101
107	16780	124	2
107	16780	124	56
107	16780	124	24
107	16780	124	512
107	16780	124	87
107	16780	124	177
107	16780	124	1133
140	16880	224	757
140	16880	224	126
140	16880	224	525
140	16880	224	7
140	16880	224	22
140	16880	224	1109
140	16880	224	473
140	16880	224	462
140	16880	224	404
140	16880	224	376
140	16880	224	2
173	16980	324	4
173	16980	324	3
173	16980	324	112
173	16980	324	188
173	16980	324	234
173	16980	324	22
173	16980	324	284
173	16980	324	296
173	16980	324	97
173	16980	324	1043
173	16980	324	1144
173	16980	324	66
173	16980	324	996
173	16980	324	961
173	16980	324	1105
101	16730	74	9
101	16730	74	375
101	16730	74	2
101	16730	74	141
101	16730	74	24
101	16730	74	392
101	16730	74	1156
101	16730	74	838
101	16730	74	341
101	16730	74	1173
101	16730	74	485
101	16730	74	681
123	16830	174	56
123	16830	174	629
123	16830	174	473
123	16830	174	2
123	16830	174	7
123	16830	174	805
123	16830	174	910
123	16830	174	1163
123	16830	174	889
157	16930	274	174
157	16930	274	49
157	16930	274	22
157	16930	274	574
157	16930	274	1283
157	16930	274	343
157	16930	274	111
157	16930	274	974
157	16930	274	1190
157	16930	274	97
157	16930	274	486
157	16930	274	1036
157	16930	274	1165
157	16930	274	677
157	16930	274	637
157	16930	274	296
157	16930	274	420
188	17030	374	487
188	17030	374	355
188	17030	374	112
188	17030	374	127
188	17030	374	1270
188	17030	374	284
188	17030	374	166
188	17030	374	660
188	17030	374	16
188	17030	374	406
188	17030	374	317
188	17030	374	109
188	17030	374	454
188	17030	374	47
188	17030	374	66
188	17030	374	346
188	17030	374	296
188	17030	374	796
188	17030	374	1033
188	17030	374	313
188	17030	374	46
188	17030	374	262
188	17030	374	1115
202	17080	424	1110
202	17080	424	109
202	17080	424	332
202	17080	424	1253
202	17080	424	1091
202	17080	424	152
202	17080	424	118
202	17080	424	1218
202	17080	424	117
202	17080	424	259
202	17080	424	181
202	17080	424	1174
202	17080	424	273
202	17080	424	604
202	17080	424	483
202	17080	424	198
202	17080	424	66
202	17080	424	482
202	17080	424	16
215	17130	474	109
215	17130	474	60
215	17130	474	640
215	17130	474	117
215	17130	474	1186
215	17130	474	1296
215	17130	474	1058
215	17130	474	472
215	17130	474	463
215	17130	474	1046
215	17130	474	936
215	17130	474	118
215	17130	474	198
215	17130	474	378
215	17130	474	716
92	16730	24	2
92	16730	24	392
92	16730	24	341
92	16730	24	577
92	16730	24	750
92	16730	24	24
92	16730	24	485
92	16730	24	681
115	16780	74	24
115	16780	74	838
115	16780	74	87
115	16780	74	888
115	16780	74	2
115	16780	74	681
115	16780	74	606
122	16830	124	2
122	16830	124	910
122	16830	124	1277
122	16830	124	421
122	16830	124	1133
122	16830	124	889
122	16830	124	177
122	16830	124	56
122	16830	124	24
122	16830	124	431
122	16830	124	371
122	16830	124	1146
139	16880	174	473
139	16880	174	7
139	16880	174	462
139	16880	174	757
139	16880	174	2
139	16880	174	56
139	16880	174	371
139	16880	174	959
156	16930	224	22
156	16930	224	757
156	16930	224	637
156	16930	224	376
156	16930	224	404
156	16930	224	7
156	16930	224	97
156	16930	224	49
156	16930	224	2
156	16930	224	381
156	16930	224	791
156	16930	224	1031
156	16930	224	256
156	16930	224	497
156	16930	224	478
156	16930	224	334
156	16930	224	799
172	16980	274	97
172	16980	274	22
172	16980	274	420
172	16980	274	296
172	16980	274	4
172	16980	274	105
172	16980	274	477
172	16980	274	741
172	16980	274	35
172	16980	274	1216
172	16980	274	521
187	17030	324	284
187	17030	324	112
187	17030	324	66
187	17030	324	296
187	17030	324	4
187	17030	324	47
187	17030	324	313
187	17030	324	262
187	17030	324	692
187	17030	324	947
187	17030	324	210
187	17030	324	35
187	17030	324	890
187	17030	324	651
187	17030	324	581
201	17080	374	109
201	17080	374	273
201	17080	374	16
201	17080	374	346
201	17080	374	66
201	17080	374	181
201	17080	374	1033
201	17080	374	46
201	17080	374	1115
201	17080	374	47
201	17080	374	262
201	17080	374	482
201	17080	374	994
201	17080	374	147
201	17080	374	1135
201	17080	374	1117
201	17080	374	995
201	17080	374	93
201	17080	374	387
201	17080	374	1073
201	17080	374	559
201	17080	374	536
201	17080	374	1204
201	17080	374	148
214	17130	424	109
214	17130	424	118
214	17130	424	198
214	17130	424	181
214	17130	424	378
214	17130	424	1315
214	17130	424	96
214	17130	424	472
214	17130	424	970
214	17130	424	758
214	17130	424	954
214	17130	424	16
214	17130	424	93
214	17130	424	194
214	17130	424	20
214	17130	424	367
226	17180	474	472
226	17180	474	118
226	17180	474	378
226	17180	474	716
226	17180	474	194
106	16780	24	681
106	16780	24	24
106	16780	24	2
106	16780	24	888
106	16780	24	606
138	16880	124	56
138	16880	124	2
138	16880	124	371
138	16880	124	510
171	16980	224	22
171	16980	224	256
171	16980	224	105
171	16980	224	338
171	16980	224	49
171	16980	224	35
171	16980	224	1216
171	16980	224	618
171	16980	224	791
171	16980	224	97
171	16980	224	4
171	16980	224	951
171	16980	224	799
171	16980	224	334
171	16980	224	276
171	16980	224	721
171	16980	224	915
171	16980	224	624
225	17180	424	378
225	17180	424	118
225	17180	424	716
225	17180	424	194
225	17180	424	227
225	17180	424	758
225	17180	424	109
225	17180	424	239
225	17180	424	96
225	17180	424	1086
225	17180	424	67
225	17180	424	687
225	17180	424	1237
225	17180	424	1127
225	17180	424	272
225	17180	424	30
130	16830	74	2
130	16830	74	24
130	16830	74	606
130	16830	74	607
130	16830	74	457
130	16830	74	70
155	16930	174	2
155	16930	174	7
155	16930	174	959
155	16930	174	381
155	16930	174	478
155	16930	174	957
155	16930	174	334
155	16930	174	799
155	16930	174	1140
155	16930	174	35
186	17030	274	4
186	17030	274	35
186	17030	274	651
186	17030	274	741
186	17030	274	97
186	17030	274	545
186	17030	274	581
186	17030	274	538
186	17030	274	756
200	17080	324	47
200	17080	324	262
200	17080	324	46
200	17080	324	313
200	17080	324	296
200	17080	324	387
200	17080	324	400
200	17080	324	16
200	17080	324	1008
200	17080	324	35
200	17080	324	581
200	17080	324	148
200	17080	324	708
200	17080	324	1280
200	17080	324	1250
200	17080	324	538
200	17080	324	871
200	17080	324	1293
200	17080	324	73
200	17080	324	238
200	17080	324	411
200	17080	324	268
200	17080	324	722
200	17080	324	1274
213	17130	374	16
213	17130	374	109
213	17130	374	93
213	17130	374	96
213	17130	374	1073
213	17130	374	147
213	17130	374	1074
213	17130	374	1204
213	17130	374	118
213	17130	374	20
213	17130	374	367
213	17130	374	1180
213	17130	374	148
213	17130	374	1183
213	17130	374	100
213	17130	374	631
213	17130	374	1182
213	17130	374	906
213	17130	374	32
213	17130	374	970
213	17130	374	1291
213	17130	374	982
213	17130	374	1172
213	17130	374	1198
121	16830	24	24
121	16830	24	606
121	16830	24	70
121	16830	24	786
146	16880	74	2
146	16880	74	510
146	16880	74	520
146	16880	74	1294
146	16880	74	457
146	16880	74	295
146	16880	74	607
146	16880	74	371
146	16880	74	606
146	16880	74	70
146	16880	74	185
154	16930	124	2
154	16930	124	371
154	16930	124	372
154	16930	124	35
154	16930	124	277
170	16980	174	334
170	16980	174	1140
170	16980	174	799
170	16980	174	381
170	16980	174	951
170	16980	174	22
170	16980	174	35
170	16980	174	2
170	16980	174	4
170	16980	174	707
170	16980	174	624
170	16980	174	91
170	16980	174	557
185	17030	224	4
185	17030	224	35
185	17030	224	721
185	17030	224	756
185	17030	224	999
185	17030	224	980
185	17030	224	1224
185	17030	224	544
199	17080	274	35
199	17080	274	538
199	17080	274	73
199	17080	274	4
199	17080	274	679
199	17080	274	353
199	17080	274	1250
199	17080	274	238
199	17080	274	411
199	17080	274	251
199	17080	274	980
199	17080	274	32
199	17080	274	491
199	17080	274	673
199	17080	274	759
199	17080	274	1080
224	17180	374	96
224	17180	374	118
224	17180	374	20
224	17180	374	239
224	17180	374	1062
224	17180	374	970
224	17180	374	840
224	17180	374	30
224	17180	374	982
224	17180	374	272
224	17180	374	1119
224	17180	374	160
224	17180	374	1198
224	17180	374	1021
224	17180	374	320
212	17130	324	16
212	17130	324	47
212	17130	324	148
212	17130	324	100
212	17130	324	631
212	17130	324	268
212	17130	324	32
212	17130	324	1274
212	17130	324	411
212	17130	324	914
212	17130	324	20
212	17130	324	919
212	17130	324	886
212	17130	324	238
212	17130	324	1279
212	17130	324	1198
212	17130	324	1130
212	17130	324	251
212	17130	324	253
212	17130	324	324
235	17230	424	1237
235	17230	424	67
235	17230	424	118
235	17230	424	30
235	17230	424	272
235	17230	424	122
137	16880	24	606
137	16880	24	70
137	16880	24	2
137	16880	24	786
137	16880	24	295
169	16980	124	2
169	16980	124	35
169	16980	124	91
169	16980	124	28
169	16980	124	557
169	16980	124	11
198	17080	224	35
198	17080	224	980
198	17080	224	4
198	17080	224	759
198	17080	224	1085
198	17080	224	32
198	17080	224	555
223	17180	324	20
223	17180	324	1198
223	17180	324	160
223	17180	324	32
223	17180	324	598
223	17180	324	970
223	17180	324	118
223	17180	324	100
223	17180	324	905
223	17180	324	918
223	17180	324	320
223	17180	324	231
223	17180	324	369
223	17180	324	703
223	17180	324	532
223	17180	324	643
223	17180	324	122
223	17180	324	33
223	17180	324	88
223	17180	324	391
223	17180	324	1234
162	16930	74	371
162	16930	74	2
162	16930	74	185
162	16930	74	372
162	16930	74	277
162	16930	74	70
162	16930	74	28
162	16930	74	693
184	17030	174	4
184	17030	174	35
184	17030	174	1167
184	17030	174	544
184	17030	174	28
184	17030	174	91
184	17030	174	557
184	17030	174	1131
184	17030	174	740
184	17030	174	246
184	17030	174	700
184	17030	174	567
211	17130	274	411
211	17130	274	238
211	17130	274	251
211	17130	274	148
211	17130	274	32
211	17130	274	253
211	17130	274	869
211	17130	274	35
211	17130	274	535
211	17130	274	324
211	17130	274	1099
211	17130	274	673
211	17130	274	733
211	17130	274	1080
211	17130	274	759
211	17130	274	689
211	17130	274	449
211	17130	274	224
211	17130	274	88
211	17130	274	882
211	17130	274	237
211	17130	274	897
211	17130	274	747
211	17130	274	590
211	17130	274	1147
211	17130	274	505
211	17130	274	318
234	17230	374	30
234	17230	374	272
234	17230	374	118
234	17230	374	308
234	17230	374	320
234	17230	374	122
234	17230	374	27
234	17230	374	925
234	17230	374	1024
234	17230	374	240
234	17230	374	1084
234	17230	374	986
234	17230	374	770
153	16930	24	70
153	16930	24	2
153	16930	24	693
153	16930	24	323
153	16930	24	1004
177	16980	74	28
177	16980	74	2
177	16980	74	11
177	16980	74	1004
183	17030	124	557
183	17030	124	91
183	17030	124	28
183	17030	124	4
183	17030	124	11
183	17030	124	10
183	17030	124	361
183	17030	124	700
183	17030	124	567
183	17030	124	781
197	17080	174	4
197	17080	174	544
197	17080	174	28
197	17080	174	1085
197	17080	174	998
197	17080	174	246
197	17080	174	1153
197	17080	174	809
197	17080	174	35
197	17080	174	496
197	17080	174	440
210	17130	224	759
210	17130	224	32
210	17130	224	35
210	17130	224	459
210	17130	224	136
210	17130	224	237
210	17130	224	555
210	17130	224	318
210	17130	224	608
210	17130	224	553
210	17130	224	4
210	17130	224	1095
210	17130	224	322
222	17180	274	324
222	17180	274	32
222	17180	274	703
222	17180	274	882
222	17180	274	88
222	17180	274	160
222	17180	274	765
222	17180	274	1076
222	17180	274	33
222	17180	274	505
222	17180	274	318
222	17180	274	263
222	17180	274	608
222	17180	274	953
222	17180	274	1276
222	17180	274	13
233	17230	324	320
233	17230	324	118
233	17230	324	122
233	17230	324	160
233	17230	324	240
233	17230	324	33
233	17230	324	1234
233	17230	324	986
233	17230	324	1003
233	17230	324	770
233	17230	324	963
233	17230	324	365
233	17230	324	61
233	17230	324	1065
233	17230	324	426
233	17230	324	13
233	17230	324	893
233	17230	324	12
243	17280	374	122
243	17280	374	240
243	17280	374	61
243	17280	374	245
168	16980	24	1004
168	16980	24	2
168	16980	24	323
168	16980	24	28
168	16980	24	11
168	16980	24	834
168	16980	24	257
168	16980	24	632
196	17080	124	28
196	17080	124	567
196	17080	124	4
196	17080	124	880
196	17080	124	570
196	17080	124	554
196	17080	124	10
196	17080	124	288
196	17080	124	942
221	17180	224	318
221	17180	224	608
221	17180	224	1276
221	17180	224	35
221	17180	224	215
221	17180	224	505
221	17180	224	1095
221	17180	224	13
221	17180	224	45
221	17180	224	322
221	17180	224	4
221	17180	224	339
221	17180	224	283
221	17180	224	228
221	17180	224	913
221	17180	224	596
221	17180	224	1312
221	17180	224	1235
221	17180	224	135
221	17180	224	1263
221	17180	224	442
242	17280	324	122
242	17280	324	61
242	17280	324	389
242	17280	324	240
242	17280	324	245
242	17280	324	893
242	17280	324	13
242	17280	324	1176
242	17280	324	12
242	17280	324	911
242	17280	324	780
242	17280	324	572
242	17280	324	329
242	17280	324	1289
242	17280	324	133
242	17280	324	40
191	17030	74	11
191	17030	74	258
191	17030	74	28
191	17030	74	10
191	17030	74	501
191	17030	74	1260
191	17030	74	685
191	17030	74	99
209	17130	174	35
209	17130	174	4
209	17130	174	496
209	17130	174	440
209	17130	174	28
209	17130	174	123
209	17130	174	322
232	17230	274	33
232	17230	274	160
232	17230	274	13
232	17230	274	88
232	17230	274	169
232	17230	274	1136
232	17230	274	662
232	17230	274	12
232	17230	274	340
232	17230	274	325
232	17230	274	315
232	17230	274	186
232	17230	274	48
182	17030	24	11
182	17030	24	1260
182	17030	24	632
182	17030	24	685
204	17080	74	10
204	17080	74	4
204	17080	74	11
204	17080	74	99
204	17080	74	28
204	17080	74	1010
204	17080	74	685
204	17080	74	942
204	17080	74	641
204	17080	74	223
208	17130	124	4
208	17130	124	440
208	17130	124	28
208	17130	124	288
208	17130	124	709
208	17130	124	1317
220	17180	174	4
220	17180	174	322
220	17180	174	1196
220	17180	174	648
220	17180	174	969
220	17180	174	318
220	17180	174	442
220	17180	174	135
220	17180	174	1102
231	17230	224	13
231	17230	224	662
231	17230	224	1235
231	17230	224	228
231	17230	224	283
231	17230	224	702
231	17230	224	33
231	17230	224	135
231	17230	224	1252
231	17230	224	579
231	17230	224	1160
241	17280	274	13
241	17280	274	12
241	17280	274	325
241	17280	274	572
241	17280	274	220
241	17280	274	48
241	17280	274	40
241	17280	274	887
241	17280	274	245
241	17280	274	186
241	17280	274	133
241	17280	274	470
241	17280	274	945
241	17280	274	605
241	17280	274	1320
241	17280	274	966
241	17280	274	388
241	17280	274	672
241	17280	274	967
250	17330	324	133
250	17330	324	1289
250	17330	324	40
250	17330	324	182
195	17080	24	11
195	17080	24	99
195	17080	24	641
195	17080	24	1012
195	17080	24	28
195	17080	24	223
195	17080	24	1321
219	17180	124	4
219	17180	124	28
219	17180	124	709
219	17180	124	52
219	17180	124	495
240	17280	224	13
240	17280	224	186
240	17280	224	33
240	17280	224	48
240	17280	224	579
240	17280	224	1320
240	17280	224	34
240	17280	224	1160
240	17280	224	471
240	17280	224	388
240	17280	224	967
216	17130	74	28
216	17130	74	4
216	17130	74	942
216	17130	74	865
216	17130	74	943
216	17130	74	1317
216	17130	74	223
216	17130	74	11
216	17130	74	356
216	17130	74	1179
230	17230	174	135
230	17230	174	1252
230	17230	174	318
230	17230	174	541
230	17230	174	322
230	17230	174	479
230	17230	174	39
230	17230	174	1275
230	17230	174	33
230	17230	174	183
230	17230	174	4
230	17230	174	1297
230	17230	174	52
230	17230	174	1233
230	17230	174	114
230	17230	174	1219
230	17230	174	924
230	17230	174	281
230	17230	174	509
230	17230	174	940
230	17230	174	333
249	17330	274	40
249	17330	274	133
249	17330	274	182
249	17330	274	866
249	17330	274	267
249	17330	274	388
249	17330	274	846
249	17330	274	672
249	17330	274	605
249	17330	274	701
249	17330	274	506
249	17330	274	967
249	17330	274	352
249	17330	274	244
249	17330	274	788
207	17130	24	28
207	17130	24	11
207	17130	24	1012
207	17130	24	686
207	17130	24	1285
207	17130	24	1060
227	17180	74	28
227	17180	74	4
227	17180	74	709
227	17180	74	1179
227	17180	74	654
227	17180	74	33
229	17230	124	4
229	17230	124	52
229	17230	124	1297
229	17230	124	924
229	17230	124	281
229	17230	124	495
229	17230	124	509
229	17230	124	333
229	17230	124	33
229	17230	124	28
229	17230	124	1089
229	17230	124	960
229	17230	124	551
239	17280	174	33
239	17280	174	135
239	17280	174	39
239	17280	174	114
239	17280	174	34
239	17280	174	540
239	17280	174	859
239	17280	174	940
239	17280	174	509
239	17280	174	95
239	17280	174	1258
239	17280	174	337
239	17280	174	938
248	17330	224	48
248	17330	224	967
248	17330	224	605
248	17330	224	388
248	17330	224	352
248	17330	224	40
248	17330	224	33
248	17330	224	788
248	17330	224	34
248	17330	224	244
248	17330	224	777
248	17330	224	626
248	17330	224	823
248	17330	224	1018
256	17380	274	244
256	17380	274	40
256	17380	274	43
218	17180	24	28
218	17180	24	1179
218	17180	24	11
218	17180	24	1060
218	17180	24	1164
218	17180	24	125
218	17180	24	33
218	17180	24	94
218	17180	24	289
238	17280	124	509
238	17280	124	114
238	17280	124	333
238	17280	124	1089
238	17280	124	33
238	17280	124	960
238	17280	124	28
238	17280	124	551
238	17280	124	289
238	17280	124	583
238	17280	124	774
238	17280	124	832
238	17280	124	269
238	17280	124	699
238	17280	124	221
238	17280	124	403
255	17380	224	244
255	17380	224	40
255	17380	224	653
255	17380	224	43
255	17380	224	130
255	17380	224	976
255	17380	224	37
255	17380	224	1209
255	17380	224	514
255	17380	224	1070
255	17380	224	150
255	17380	224	1185
236	17230	74	28
236	17230	74	4
236	17230	74	654
236	17230	74	551
236	17230	74	33
236	17230	74	289
236	17230	74	417
247	17330	174	34
247	17330	174	337
247	17330	174	33
247	17330	174	823
247	17330	174	1018
247	17330	174	40
247	17330	174	130
247	17330	174	289
247	17330	174	37
247	17330	174	514
247	17330	174	314
228	17230	24	28
228	17230	24	33
228	17230	24	94
228	17230	24	909
228	17230	24	417
228	17230	24	717
244	17280	74	33
244	17280	74	289
244	17280	74	1114
244	17280	74	28
244	17280	74	1155
244	17280	74	269
244	17280	74	417
244	17280	74	1141
244	17280	74	221
244	17280	74	699
244	17280	74	785
244	17280	74	403
244	17280	74	255
244	17280	74	1014
244	17280	74	121
246	17330	124	33
246	17330	124	34
246	17330	124	583
246	17330	124	289
246	17330	124	221
246	17330	124	699
246	17330	124	130
246	17330	124	868
246	17330	124	727
246	17330	124	28
246	17330	124	403
246	17330	124	203
254	17380	174	130
254	17380	174	40
254	17380	174	514
254	17380	174	876
254	17380	174	43
254	17380	174	37
254	17380	174	33
254	17380	174	150
254	17380	174	314
254	17380	174	241
254	17380	174	395
254	17380	174	803
261	17430	224	37
261	17430	224	1209
261	17430	224	1185
261	17430	224	150
237	17280	24	28
237	17280	24	717
237	17280	24	785
237	17280	24	255
253	17380	124	33
253	17380	124	130
253	17380	124	680
253	17380	124	395
253	17380	124	203
253	17380	124	150
253	17380	124	28
253	17380	124	271
253	17380	124	255
251	17330	74	221
251	17330	74	403
251	17330	74	28
251	17330	74	926
251	17330	74	255
251	17330	74	121
251	17330	74	33
251	17330	74	193
260	17430	174	150
260	17430	174	37
260	17430	174	803
260	17430	174	241
260	17430	174	33
260	17430	174	362
245	17330	24	255
245	17330	24	121
245	17330	24	28
245	17330	24	1178
245	17330	24	1103
245	17330	24	354
257	17380	74	28
257	17380	74	33
257	17380	74	193
257	17380	74	121
257	17380	74	255
257	17380	74	775
257	17380	74	973
259	17430	124	150
259	17430	124	33
259	17430	124	271
259	17430	124	362
259	17430	124	28
259	17430	124	129
259	17430	124	609
259	17430	124	1134
259	17430	124	195
259	17430	124	1126
265	17480	174	33
265	17480	174	150
265	17480	174	129
252	17380	24	255
252	17380	24	775
252	17380	24	28
252	17380	24	891
252	17380	24	424
252	17380	24	354
252	17380	24	973
264	17480	124	33
264	17480	124	129
264	17480	124	1126
264	17480	124	410
264	17480	124	1271
264	17480	124	518
264	17480	124	808
264	17480	124	300
264	17480	124	1177
262	17430	74	33
262	17430	74	28
262	17430	74	973
262	17430	74	195
262	17430	74	173
262	17430	74	129
262	17430	74	578
262	17430	74	815
258	17430	24	973
258	17430	24	28
258	17430	24	33
258	17430	24	173
258	17430	24	1050
258	17430	24	815
258	17430	24	129
266	17480	74	129
266	17480	74	33
266	17480	74	173
266	17480	74	300
266	17480	74	518
266	17480	74	1271
266	17480	74	28
266	17480	74	937
266	17480	74	815
266	17480	74	1177
266	17480	74	529
268	17530	124	129
268	17530	124	1177
268	17530	124	300
263	17480	24	173
263	17480	24	815
263	17480	24	33
263	17480	24	28
263	17480	24	129
263	17480	24	529
263	17480	24	971
263	17480	24	1208
269	17530	74	1177
269	17530	74	300
269	17530	74	129
269	17530	74	518
269	17530	74	28
269	17530	74	529
269	17530	74	306
269	17530	74	1078
267	17530	24	28
267	17530	24	129
267	17530	24	1078
267	17530	24	168
267	17530	24	306
271	17580	74	306
271	17580	74	129
270	17580	24	306
270	17580	24	129
270	17580	24	168
270	17580	24	316
272	17630	24	129
