group	label	showSelected1
1	Cluster 2: 529/44357 pixels shown, logFC -5.0 to 5.2, log10(p) 0.0 to 24.2	2
1	Cluster 7: 212/17428 pixels shown, logFC -5.1 to 5.0, log10(p) 0.0 to 4.6	7
1	Cluster 22: 2003/15275 pixels shown, logFC -5.2 to 4.9, log10(p) 0.0 to 4.2	22
1	Cluster 49: 563/2007 pixels shown, logFC -4.4 to 3.9, log10(p) 0.0 to 2.9	49
1	Cluster 97: 11/3342 pixels shown, logFC -4.8 to 4.4, log10(p) 0.0 to 3.5	97
1	Cluster 256: 39/59 pixels shown, logFC -2.6 to 3.9, log10(p) 0.0 to 1.7	256
1	Cluster 334: 65/371 pixels shown, logFC -4.2 to 4.2, log10(p) 0.0 to 2.0	334
1	Cluster 376: 73/104 pixels shown, logFC -3.1 to 3.6, log10(p) 0.0 to 1.4	376
1	Cluster 381: 596/1198 pixels shown, logFC -4.4 to 4.4, log10(p) 0.0 to 2.7	381
1	Cluster 404: 101/359 pixels shown, logFC -4.0 to 3.3, log10(p) 0.0 to 2.1	404
1	Cluster 478: 38/42 pixels shown, logFC -3.5 to 3.3, log10(p) 0.0 to 1.2	478
1	Cluster 497: 67/67 pixels shown, logFC -1.8 to 3.9, log10(p) 0.0 to 1.7	497
1	Cluster 637: 134/152 pixels shown, logFC -3.1 to 2.0, log10(p) 0.0 to 1.9	637
1	Cluster 757: 11/2797 pixels shown, logFC -5.5 to 4.2, log10(p) 0.0 to 5.6	757
1	Cluster 791: 8/76 pixels shown, logFC -3.5 to 0.2, log10(p) 0.0 to 1.2	791
1	Cluster 799: 35/190 pixels shown, logFC -3.1 to 4.2, log10(p) 0.0 to 2.0	799
1	Cluster 1031: 17/17 pixels shown, logFC 0.9 to 3.9, log10(p) 0.4 to 1.7	1031
