x	y	clickSelects	showSelected1
-0.00104638450429251	1	1	log2(tiles)=2.50 log10(pixels)=3.25
-0.103037834197893	1	2	log2(tiles)=4.75 log10(pixels)=4.75
0.107455023214669	1	3	log2(tiles)=1.50 log10(pixels)=2.50
0.0451586143334479	1	4	log2(tiles)=4.75 log10(pixels)=4.50
-0.0152001704111528	1	5	log2(tiles)=1.00 log10(pixels)=2.75
0.117467742117974	1	6	log2(tiles)=4.25 log10(pixels)=4.25
-0.008752448736284	1	7	log2(tiles)=4.00 log10(pixels)=4.25
0.00769962508773858	1	8	log2(tiles)=3.00 log10(pixels)=3.75
-0.0254128610237272	1	9	log2(tiles)=5.50 log10(pixels)=4.75
-0.0653085691824011	1	10	log2(tiles)=2.00 log10(pixels)=3.25
0.0640358456797179	1	11	log2(tiles)=3.50 log10(pixels)=4.25
-0.0716041477432863	1	12	log2(tiles)=2.00 log10(pixels)=3.00
-0.0832829224011875	1	13	log2(tiles)=3.00 log10(pixels)=4.00
0.1232492903979	1	14	log2(tiles)=1.50 log10(pixels)=2.50
-0.110912128916262	1	15	log2(tiles)=3.25 log10(pixels)=3.75
-0.0249101966109935	1	16	log2(tiles)=3.00 log10(pixels)=3.50
-0.091245613367712	1	17	log2(tiles)=4.00 log10(pixels)=4.25
-0.0143453230430515	1	18	log2(tiles)=5.25 log10(pixels)=4.25
0.00139485004010442	1	19	log2(tiles)=2.00 log10(pixels)=3.25
-0.00962007999682113	1	20	log2(tiles)=2.25 log10(pixels)=3.50
-0.105573162035812	1	21	log2(tiles)=3.50 log10(pixels)=4.00
-0.0660187810854085	1	22	log2(tiles)=4.00 log10(pixels)=4.25
-0.00103713874383882	1	23	log2(tiles)=1.00 log10(pixels)=2.75
-0.055263711271305	1	24	log2(tiles)=3.25 log10(pixels)=4.25
-0.0373502983727887	1	25	log2(tiles)=1.00 log10(pixels)=2.75
-0.0707355356609747	1	26	log2(tiles)=2.25 log10(pixels)=3.25
0.0550944485783194	1	27	log2(tiles)=0.00 log10(pixels)=2.50
0.0374392197822315	1	28	log2(tiles)=5.50 log10(pixels)=4.75
0.119231719730976	1	29	log2(tiles)=2.00 log10(pixels)=2.75
0.0618293072946989	1	30	log2(tiles)=2.00 log10(pixels)=3.00
0.00127910398334219	1	31	log2(tiles)=1.50 log10(pixels)=2.75
-0.0263670731261589	1	32	log2(tiles)=3.00 log10(pixels)=3.50
-0.000519118769613414	1	33	log2(tiles)=5.00 log10(pixels)=4.50
-0.0868646850422459	1	34	log2(tiles)=2.25 log10(pixels)=3.75
0.0129728788053685	1	35	log2(tiles)=4.25 log10(pixels)=4.25
-0.0679830935657986	1	36	log2(tiles)=3.25 log10(pixels)=4.00
0.0170333392987803	1	37	log2(tiles)=2.25 log10(pixels)=3.00
0.117938650890784	1	38	log2(tiles)=3.00 log10(pixels)=3.75
0.103698211776174	1	39	log2(tiles)=1.00 log10(pixels)=2.75
0.0930458105345693	1	40	log2(tiles)=3.25 log10(pixels)=3.75
-0.0752306859845739	1	41	log2(tiles)=2.50 log10(pixels)=3.75
0.0333012287035497	1	42	log2(tiles)=2.00 log10(pixels)=2.25
0.0197463731307668	1	43	log2(tiles)=1.50 log10(pixels)=3.25
0.0527737252919756	1	44	log2(tiles)=1.00 log10(pixels)=2.75
-0.080044251510242	1	45	log2(tiles)=0.00 log10(pixels)=2.50
0.0809249756756194	1	46	log2(tiles)=1.50 log10(pixels)=2.50
0.0161973535124389	1	47	log2(tiles)=2.25 log10(pixels)=3.00
0.0813806887099871	1	48	log2(tiles)=2.00 log10(pixels)=3.50
0.0525473724874854	1	49	log2(tiles)=2.50 log10(pixels)=3.25
-0.0043648054024501	1	50	log2(tiles)=0.00 log10(pixels)=2.00
0.00945089579869407	1	51	log2(tiles)=2.75 log10(pixels)=3.00
0.0413926851582249	1	52	log2(tiles)=1.50 log10(pixels)=3.00
-0.0871370066780739	1	53	log2(tiles)=1.50 log10(pixels)=3.25
0.025495631401224	1	54	log2(tiles)=5.25 log10(pixels)=4.25
-0.109578981199086	1	55	log2(tiles)=1.50 log10(pixels)=3.00
-0.117228170690381	1	56	log2(tiles)=4.00 log10(pixels)=4.25
0.0294387882870204	1	57	log2(tiles)=2.25 log10(pixels)=3.25
0.0613299523037933	1	58	log2(tiles)=1.50 log10(pixels)=3.25
0.0767453795653217	1	59	log2(tiles)=2.00 log10(pixels)=3.25
-0.061915626285062	1	60	log2(tiles)=2.50 log10(pixels)=3.25
-0.100179497572904	1	61	log2(tiles)=1.50 log10(pixels)=3.00
0.0777311796523921	1	62	log2(tiles)=2.25 log10(pixels)=3.00
0.0988047010518036	1	63	log2(tiles)=2.00 log10(pixels)=2.75
0.0564855929511152	1	64	log2(tiles)=3.25 log10(pixels)=4.00
0.120403905279027	1	65	log2(tiles)=3.00 log10(pixels)=3.75
-0.0424298239020637	1	66	log2(tiles)=2.25 log10(pixels)=2.75
-0.0316526695878427	1	67	log2(tiles)=1.00 log10(pixels)=2.50
-0.109064892896621	1	68	log2(tiles)=2.00 log10(pixels)=2.50
-0.0776890314780458	1	69	log2(tiles)=1.50 log10(pixels)=3.25
-0.0616158929652859	1	70	log2(tiles)=2.50 log10(pixels)=3.50
-0.0724842952012423	1	71	log2(tiles)=2.25 log10(pixels)=3.75
0.0103470785299065	1	72	log2(tiles)=3.00 log10(pixels)=3.75
0.0831987739686229	1	73	log2(tiles)=1.00 log10(pixels)=2.50
0.0596301674258988	1	74	log2(tiles)=1.00 log10(pixels)=2.25
-0.0926961511660305	1	75	log2(tiles)=3.75 log10(pixels)=4.00
-0.107545372683354	1	76	log2(tiles)=5.00 log10(pixels)=4.75
0.0958267770732233	1	77	log2(tiles)=3.75 log10(pixels)=3.50
0.0520892578817325	1	78	log2(tiles)=2.00 log10(pixels)=2.75
-0.000869458712629001	1	79	log2(tiles)=2.00 log10(pixels)=3.00
-0.0378123955960423	1	80	log2(tiles)=1.00 log10(pixels)=2.25
-0.0494230732451517	1	81	log2(tiles)=2.00 log10(pixels)=3.25
0.0856905714924254	1	82	log2(tiles)=1.00 log10(pixels)=2.75
-0.0290142558462607	1	83	log2(tiles)=1.50 log10(pixels)=2.75
-0.0509846836522137	1	84	log2(tiles)=2.00 log10(pixels)=3.50
-0.0790422940445508	1	85	log2(tiles)=3.00 log10(pixels)=4.00
-0.107535479757879	1	86	log2(tiles)=1.00 log10(pixels)=2.75
-0.00336580106242135	1	87	log2(tiles)=1.00 log10(pixels)=2.75
-0.0257259857057424	1	88	log2(tiles)=2.00 log10(pixels)=3.25
-0.0733978304179814	1	89	log2(tiles)=2.25 log10(pixels)=3.75
-0.115522729839268	1	90	log2(tiles)=1.00 log10(pixels)=2.75
-0.0432822176632413	1	91	log2(tiles)=2.00 log10(pixels)=2.75
0.103803720955957	1	92	log2(tiles)=0.00 log10(pixels)=2.00
-0.0450664776458551	1	93	log2(tiles)=1.50 log10(pixels)=3.25
0.00966784468963056	1	94	log2(tiles)=1.00 log10(pixels)=2.75
0.0422560713564759	1	95	log2(tiles)=0.00 log10(pixels)=2.25
0.030194785356751	1	96	log2(tiles)=2.00 log10(pixels)=3.00
0.0240064455573723	1	97	log2(tiles)=2.75 log10(pixels)=3.50
0.000420002308894052	1	98	log2(tiles)=2.00 log10(pixels)=2.25
0.0402066275747113	1	99	log2(tiles)=1.50 log10(pixels)=3.00
0.0760748027008265	1	100	log2(tiles)=1.50 log10(pixels)=2.75
0.106408327038981	1	101	log2(tiles)=2.00 log10(pixels)=3.25
0.0849335749367159	1	102	log2(tiles)=2.50 log10(pixels)=3.00
0.122912002970107	1	103	log2(tiles)=0.00 log10(pixels)=2.25
0.0413926851582249	1	104	log2(tiles)=1.00 log10(pixels)=2.00
0.1061244442423	1	105	log2(tiles)=1.00 log10(pixels)=2.75
-0.0285615926107008	1	106	log2(tiles)=2.50 log10(pixels)=3.50
-0.08838029403677	1	107	log2(tiles)=1.00 log10(pixels)=2.50
-0.00935041168114559	1	108	log2(tiles)=3.25 log10(pixels)=4.00
0.0899805576783428	1	109	log2(tiles)=3.75 log10(pixels)=3.75
0.101869600729766	1	110	log2(tiles)=1.50 log10(pixels)=2.75
0.011927838420529	1	111	log2(tiles)=2.50 log10(pixels)=2.75
-0.07577192930402	1	112	log2(tiles)=2.50 log10(pixels)=3.50
-0.094861565188618	1	113	log2(tiles)=1.00 log10(pixels)=2.75
-0.076813731587726	1	114	log2(tiles)=1.50 log10(pixels)=3.25
-0.0651546383555877	1	115	log2(tiles)=1.50 log10(pixels)=2.75
-0.0415790998652872	1	116	log2(tiles)=1.00 log10(pixels)=2.75
-0.0867160982395814	1	117	log2(tiles)=2.00 log10(pixels)=3.00
0.0927317663939622	1	118	log2(tiles)=3.50 log10(pixels)=3.50
0.0367514221455614	1	119	log2(tiles)=2.00 log10(pixels)=2.75
0.019116290447073	1	120	log2(tiles)=2.00 log10(pixels)=3.00
0.000663919463243623	1	121	log2(tiles)=2.00 log10(pixels)=3.25
0.106025857193123	1	122	log2(tiles)=2.50 log10(pixels)=3.25
0.0791812460476247	1	123	log2(tiles)=0.00 log10(pixels)=2.00
0.0910646070264991	1	124	log2(tiles)=0.00 log10(pixels)=1.50
0.0367514221455614	1	125	log2(tiles)=0.00 log10(pixels)=2.75
0.0981336458132378	1	126	log2(tiles)=2.25 log10(pixels)=3.50
0.0896501576136841	1	127	log2(tiles)=1.50 log10(pixels)=3.25
0.0466651902615309	1	128	log2(tiles)=1.00 log10(pixels)=2.25
-0.0777474475763116	1	129	log2(tiles)=3.75 log10(pixels)=4.25
0.00389116623691077	1	130	log2(tiles)=2.25 log10(pixels)=3.00
0.0625819842281632	1	131	log2(tiles)=2.25 log10(pixels)=3.00
-0.0574958938319194	1	132	log2(tiles)=2.00 log10(pixels)=3.00
0.0561799739838871	1	133	log2(tiles)=2.00 log10(pixels)=2.75
0.094588742578714	1	134	log2(tiles)=2.00 log10(pixels)=3.25
0.0969100130080562	1	135	log2(tiles)=2.25 log10(pixels)=3.00
-0.0916375079047502	1	136	log2(tiles)=0.00 log10(pixels)=2.25
-0.0977116556169437	1	137	log2(tiles)=0.00 log10(pixels)=2.25
-0.00168944621039957	1	138	log2(tiles)=1.50 log10(pixels)=2.50
0.0285712526925375	1	139	log2(tiles)=1.50 log10(pixels)=3.00
0.0869567370595505	1	140	log2(tiles)=1.50 log10(pixels)=2.75
-0.0563189704587184	1	141	log2(tiles)=1.50 log10(pixels)=3.25
0.0551363189436391	1	142	log2(tiles)=2.00 log10(pixels)=3.25
-0.0214335044061569	1	143	log2(tiles)=0.00 log10(pixels)=2.50
0.0224283711854865	1	144	log2(tiles)=1.50 log10(pixels)=3.00
-0.119186407719209	1	145	log2(tiles)=0.00 log10(pixels)=2.00
-0.0290142558462607	2	146	log2(tiles)=1.50 log10(pixels)=2.75
-0.103871964321762	1	147	log2(tiles)=1.00 log10(pixels)=2.25
0.037129620719111	1	148	log2(tiles)=2.25 log10(pixels)=3.25
0.0252462597402365	1	149	log2(tiles)=1.00 log10(pixels)=2.75
0.0158738437116792	1	150	log2(tiles)=2.75 log10(pixels)=3.50
-0.0476001540885584	1	151	log2(tiles)=2.75 log10(pixels)=3.50
0.0824384599156054	1	152	log2(tiles)=1.00 log10(pixels)=2.25
0.00281643118827146	1	153	log2(tiles)=1.50 log10(pixels)=2.75
-0.0421181032660076	1	154	log2(tiles)=0.00 log10(pixels)=2.50
-0.0943603662402235	1	155	log2(tiles)=2.00 log10(pixels)=3.25
0.0728216453031045	1	156	log2(tiles)=1.00 log10(pixels)=2.75
-0.0218194830625862	1	157	log2(tiles)=1.50 log10(pixels)=3.00
-0.0333890133180654	1	158	log2(tiles)=2.00 log10(pixels)=3.00
-0.0808547990088018	1	159	log2(tiles)=3.75 log10(pixels)=4.25
-0.1085258894959	1	160	log2(tiles)=3.00 log10(pixels)=3.75
-0.094861565188618	1	161	log2(tiles)=2.00 log10(pixels)=2.75
-0.0457574905606752	1	162	log2(tiles)=1.50 log10(pixels)=3.00
-0.093971055036385	1	163	log2(tiles)=2.25 log10(pixels)=3.50
0.0701462861110538	1	164	log2(tiles)=0.00 log10(pixels)=2.25
-0.120590400897281	1	165	log2(tiles)=1.00 log10(pixels)=2.75
-0.0654310959658013	1	166	log2(tiles)=1.00 log10(pixels)=2.50
-0.0346171485515816	1	167	log2(tiles)=1.00 log10(pixels)=2.50
-0.115288257061718	1	168	log2(tiles)=1.00 log10(pixels)=3.50
0.0622928644564746	1	169	log2(tiles)=0.00 log10(pixels)=2.50
0.0850561017201161	1	170	log2(tiles)=2.00 log10(pixels)=2.75
0.0346172926328752	1	171	log2(tiles)=2.00 log10(pixels)=2.75
0.102182518111363	1	172	log2(tiles)=1.00 log10(pixels)=2.25
-0.0726296369609765	1	173	log2(tiles)=2.00 log10(pixels)=3.00
0.0310369386211318	1	174	log2(tiles)=2.25 log10(pixels)=2.75
-0.0809219076239261	1	175	log2(tiles)=0.00 log10(pixels)=2.00
-0.0232727909734276	1	176	log2(tiles)=1.00 log10(pixels)=2.75
-0.0946639625349381	1	177	log2(tiles)=1.00 log10(pixels)=2.25
0.0252462597402365	1	178	log2(tiles)=1.50 log10(pixels)=2.75
0.0461047872460387	1	179	log2(tiles)=1.50 log10(pixels)=3.00
-0.0555173278498313	1	180	log2(tiles)=1.00 log10(pixels)=2.00
0.0701462861110538	1	181	log2(tiles)=1.50 log10(pixels)=2.25
0.113943352306837	1	182	log2(tiles)=1.00 log10(pixels)=2.00
0.0492180226701815	1	183	log2(tiles)=0.00 log10(pixels)=2.00
0.0763358609287517	1	184	log2(tiles)=1.00 log10(pixels)=2.25
0.0740765797394865	1	185	log2(tiles)=1.00 log10(pixels)=3.25
-0.0415790998652872	1	186	log2(tiles)=1.50 log10(pixels)=2.75
-0.0170038896078464	1	187	log2(tiles)=0.00 log10(pixels)=2.25
0.0569048513364727	1	188	log2(tiles)=0.00 log10(pixels)=2.00
0.0486506454452691	1	189	log2(tiles)=1.50 log10(pixels)=2.75
0.0493405494535817	1	190	log2(tiles)=1.50 log10(pixels)=2.75
0.0301011914679115	1	191	log2(tiles)=2.25 log10(pixels)=3.75
0.0374264979406238	1	192	log2(tiles)=0.00 log10(pixels)=2.00
-0.100165303284215	1	193	log2(tiles)=1.00 log10(pixels)=3.25
-0.0958234581220396	1	194	log2(tiles)=1.50 log10(pixels)=2.75
-0.0484320149440727	1	195	log2(tiles)=1.00 log10(pixels)=2.75
0.00514997831990582	1	196	log2(tiles)=1.50 log10(pixels)=2.50
-0.0840727883028842	1	197	log2(tiles)=1.00 log10(pixels)=3.00
0.100370545117563	1	198	log2(tiles)=1.50 log10(pixels)=2.00
-0.0132282657337552	1	199	log2(tiles)=0.00 log10(pixels)=2.00
-0.0872421683184257	1	200	log2(tiles)=1.50 log10(pixels)=2.75
0.0825089127062364	1	201	log2(tiles)=0.00 log10(pixels)=1.75
-0.0376020021010439	1	202	log2(tiles)=0.00 log10(pixels)=2.50
0.0844207036815323	1	203	log2(tiles)=1.00 log10(pixels)=2.75
0.0909630765957314	1	204	log2(tiles)=1.50 log10(pixels)=3.00
-0.0559552040819238	1	205	log2(tiles)=1.50 log10(pixels)=2.50
0.00432137378264263	1	206	log2(tiles)=0.00 log10(pixels)=2.00
-0.0615801779972895	1	207	log2(tiles)=1.00 log10(pixels)=2.75
0.0185139398778875	1	208	log2(tiles)=0.00 log10(pixels)=1.50
-0.11747546204512	1	209	log2(tiles)=1.00 log10(pixels)=3.00
0.0629133566428555	1	210	log2(tiles)=0.00 log10(pixels)=1.75
0.0339035792727351	1	211	log2(tiles)=1.00 log10(pixels)=2.75
0.0965970956264601	1	212	log2(tiles)=1.50 log10(pixels)=2.50
-0.0404849854573692	1	213	log2(tiles)=1.00 log10(pixels)=2.25
-0.0726296369609765	1	214	log2(tiles)=1.00 log10(pixels)=3.00
-0.116531544420413	1	215	log2(tiles)=0.00 log10(pixels)=1.75
0.121176281775035	1	216	log2(tiles)=2.00 log10(pixels)=2.50
-0.00448733218585007	1	217	log2(tiles)=1.50 log10(pixels)=3.25
0.100248018334163	1	218	log2(tiles)=0.00 log10(pixels)=2.25
0.0728716022004803	1	219	log2(tiles)=1.50 log10(pixels)=2.50
-0.0221132953863266	1	220	log2(tiles)=0.00 log10(pixels)=2.25
-0.0316526695878427	1	221	log2(tiles)=2.00 log10(pixels)=2.50
-0.0186344909214555	1	222	log2(tiles)=1.00 log10(pixels)=3.00
0.00514997831990582	2	223	log2(tiles)=1.50 log10(pixels)=2.50
-0.0900668766687054	1	224	log2(tiles)=0.00 log10(pixels)=2.50
0.0293837776852097	1	225	log2(tiles)=0.00 log10(pixels)=2.00
-0.0541003475907664	1	226	log2(tiles)=0.00 log10(pixels)=2.25
0.012837224705172	1	227	log2(tiles)=0.00 log10(pixels)=2.00
-0.0105501823333083	1	228	log2(tiles)=1.00 log10(pixels)=3.00
0.0489267385772014	1	229	log2(tiles)=2.75 log10(pixels)=3.75
0.012837224705172	2	230	log2(tiles)=0.00 log10(pixels)=2.00
-0.103871964321762	1	231	log2(tiles)=0.00 log10(pixels)=2.25
0.0134279935629373	1	232	log2(tiles)=0.00 log10(pixels)=1.75
0.102059991327963	1	233	log2(tiles)=0.00 log10(pixels)=1.50
0.0680633349627615	1	234	log2(tiles)=1.50 log10(pixels)=2.25
0.0634810853944106	1	235	log2(tiles)=1.00 log10(pixels)=2.50
-0.0502448227465253	1	236	log2(tiles)=1.00 log10(pixels)=3.25
-0.114393726401688	1	237	log2(tiles)=1.00 log10(pixels)=2.50
0.10422605308447	1	238	log2(tiles)=2.00 log10(pixels)=2.50
0.0888445627270045	1	239	log2(tiles)=1.00 log10(pixels)=3.00
0.121572935545879	1	240	log2(tiles)=2.00 log10(pixels)=2.75
-0.0580348972326394	1	241	log2(tiles)=1.00 log10(pixels)=2.75
0.113611979892144	1	242	log2(tiles)=1.00 log10(pixels)=2.25
0.0132586652835167	1	243	log2(tiles)=1.00 log10(pixels)=3.00
0.0963371121298051	1	244	log2(tiles)=2.00 log10(pixels)=2.75
0.0689276116820716	1	245	log2(tiles)=1.50 log10(pixels)=3.00
-0.0985994592184558	1	246	log2(tiles)=1.00 log10(pixels)=2.50
0.0400346113625178	1	247	log2(tiles)=1.50 log10(pixels)=2.25
0.0910646070264991	2	248	log2(tiles)=0.00 log10(pixels)=1.50
0.0681858617461617	1	249	log2(tiles)=0.00 log10(pixels)=2.00
-0.0835698861567171	1	250	log2(tiles)=2.00 log10(pixels)=3.25
-0.0192177243336107	1	251	log2(tiles)=1.50 log10(pixels)=2.75
0.012837224705172	1	252	log2(tiles)=2.25 log10(pixels)=3.00
0.0705429398818973	1	253	log2(tiles)=1.00 log10(pixels)=2.50
0.0250448070368452	1	254	log2(tiles)=1.00 log10(pixels)=2.50
0.0613068400813361	1	255	log2(tiles)=2.75 log10(pixels)=3.75
0.0208520116421442	1	256	log2(tiles)=1.00 log10(pixels)=1.75
0.113943352306837	1	257	log2(tiles)=0.00 log10(pixels)=1.00
-0.0200257143004445	1	258	log2(tiles)=0.00 log10(pixels)=2.75
-0.045880017344075	1	259	log2(tiles)=1.00 log10(pixels)=2.25
-0.0409586076789064	1	260	log2(tiles)=0.00 log10(pixels)=2.00
0.0588858673598121	1	261	log2(tiles)=2.00 log10(pixels)=2.75
0.0149229846498886	1	262	log2(tiles)=2.00 log10(pixels)=2.75
-0.0917600346881504	1	263	log2(tiles)=0.00 log10(pixels)=2.50
-0.0919886033428874	1	264	log2(tiles)=1.50 log10(pixels)=2.75
0.0415792439465807	1	265	log2(tiles)=1.00 log10(pixels)=2.50
0.0950980400142569	1	266	log2(tiles)=1.00 log10(pixels)=1.75
0.014547752660286	1	267	log2(tiles)=0.00 log10(pixels)=2.50
-0.0886319977650252	1	268	log2(tiles)=1.00 log10(pixels)=2.25
0.00432137378264263	1	269	log2(tiles)=1.00 log10(pixels)=2.00
0.0531960574204891	1	270	log2(tiles)=1.00 log10(pixels)=2.25
0.111534410859038	1	271	log2(tiles)=1.00 log10(pixels)=2.75
0.100248018334163	1	272	log2(tiles)=2.00 log10(pixels)=2.25
-0.102372908709559	1	273	log2(tiles)=1.50 log10(pixels)=2.00
0.114944415712585	1	274	log2(tiles)=1.00 log10(pixels)=3.00
-0.0624821079826532	1	275	log2(tiles)=1.50 log10(pixels)=3.00
-0.00945075171740051	1	276	log2(tiles)=0.00 log10(pixels)=2.25
0.0492180226701815	1	277	log2(tiles)=1.00 log10(pixels)=3.00
0.108526033577194	1	278	log2(tiles)=1.00 log10(pixels)=2.50
0.0330749747354715	1	279	log2(tiles)=3.50 log10(pixels)=3.25
0.0171958979499744	1	280	log2(tiles)=0.00 log10(pixels)=2.50
0.003790683057181	1	281	log2(tiles)=1.00 log10(pixels)=2.50
0.100370545117563	1	282	log2(tiles)=0.00 log10(pixels)=2.00
0.0444662261615929	1	283	log2(tiles)=1.00 log10(pixels)=2.25
0.00623653320592288	1	284	log2(tiles)=2.00 log10(pixels)=3.25
-0.111510743045363	1	285	log2(tiles)=2.00 log10(pixels)=2.75
0.0793037728310249	1	286	log2(tiles)=2.00 log10(pixels)=2.75
-0.030177984021837	1	287	log2(tiles)=1.00 log10(pixels)=2.50
-0.0977536589966768	1	288	log2(tiles)=1.00 log10(pixels)=2.75
0.0741258339165491	1	289	log2(tiles)=2.50 log10(pixels)=2.75
-0.0043648054024501	1	290	log2(tiles)=1.00 log10(pixels)=2.00
0.0888490907372552	1	291	log2(tiles)=0.00 log10(pixels)=1.75
-0.085026652029182	1	292	log2(tiles)=0.00 log10(pixels)=1.50
0.121067862271736	1	293	log2(tiles)=2.00 log10(pixels)=2.25
0.0644579892269186	1	294	log2(tiles)=2.00 log10(pixels)=2.00
0.0932327780980096	1	295	log2(tiles)=1.00 log10(pixels)=2.75
0.124198257929083	1	296	log2(tiles)=2.50 log10(pixels)=3.25
-0.0510299956639813	1	297	log2(tiles)=0.00 log10(pixels)=1.75
0.0334237554869499	1	298	log2(tiles)=0.00 log10(pixels)=2.00
-0.123659632624958	1	299	log2(tiles)=1.00 log10(pixels)=2.75
0.0150537885040145	1	300	log2(tiles)=2.00 log10(pixels)=3.25
0.119401413696624	1	301	log2(tiles)=3.25 log10(pixels)=3.25
-0.0144011003018201	1	302	log2(tiles)=1.00 log10(pixels)=2.75
0.010545010206612	1	303	log2(tiles)=1.00 log10(pixels)=2.50
-0.0423927129399049	1	304	log2(tiles)=2.25 log10(pixels)=3.00
-0.0555173278498313	1	305	log2(tiles)=0.00 log10(pixels)=2.00
-0.0797382846050425	1	306	log2(tiles)=2.00 log10(pixels)=3.25
-0.0121296585232624	1	307	log2(tiles)=3.25 log10(pixels)=4.25
-0.11261017366127	1	308	log2(tiles)=0.00 log10(pixels)=2.50
-0.0757207139381184	1	309	log2(tiles)=0.00 log10(pixels)=2.00
-0.106238237942057	1	310	log2(tiles)=2.00 log10(pixels)=3.00
0.116287339084195	1	311	log2(tiles)=2.25 log10(pixels)=2.75
-0.00920122888266883	1	312	log2(tiles)=1.50 log10(pixels)=3.25
0.011927838420529	1	313	log2(tiles)=1.50 log10(pixels)=2.75
-0.0257241303992108	1	314	log2(tiles)=1.00 log10(pixels)=1.75
0.0825089127062364	2	315	log2(tiles)=0.00 log10(pixels)=1.75
-0.0996924768680634	1	316	log2(tiles)=0.00 log10(pixels)=2.75
-0.0431741239681505	1	317	log2(tiles)=0.00 log10(pixels)=2.25
0.0282737771670436	1	318	log2(tiles)=2.50 log10(pixels)=3.50
-0.0969100130080565	1	319	log2(tiles)=0.00 log10(pixels)=2.00
-0.0952844547213192	1	320	log2(tiles)=2.00 log10(pixels)=3.00
-0.0915149811213503	1	321	log2(tiles)=0.00 log10(pixels)=2.00
0.0183439139510648	1	322	log2(tiles)=2.25 log10(pixels)=3.25
0.0678544893314692	1	323	log2(tiles)=1.00 log10(pixels)=3.25
0.0998830720736876	1	324	log2(tiles)=1.50 log10(pixels)=2.50
0.0569048513364727	1	325	log2(tiles)=1.00 log10(pixels)=2.00
0.0924226808222062	1	326	log2(tiles)=1.00 log10(pixels)=2.25
0.0203612826477078	1	327	log2(tiles)=1.50 log10(pixels)=3.00
-0.0257241303992108	2	328	log2(tiles)=1.00 log10(pixels)=1.75
0.0617538610557542	1	329	log2(tiles)=0.00 log10(pixels)=2.25
0.108903127667313	1	330	log2(tiles)=1.00 log10(pixels)=3.00
0.00285303097989331	1	331	log2(tiles)=1.00 log10(pixels)=2.25
-0.0967874862246563	1	332	log2(tiles)=1.50 log10(pixels)=1.75
-0.0622494371796121	1	333	log2(tiles)=1.50 log10(pixels)=2.50
0.0693739096150461	1	334	log2(tiles)=2.00 log10(pixels)=2.50
0.107455023214669	1	335	log2(tiles)=1.00 log10(pixels)=2.50
-0.119186407719209	1	336	log2(tiles)=1.00 log10(pixels)=2.00
0.00767857486918455	1	337	log2(tiles)=1.00 log10(pixels)=2.25
0.05307844348342	1	338	log2(tiles)=0.00 log10(pixels)=2.00
-0.035156151952302	1	339	log2(tiles)=0.00 log10(pixels)=2.25
-0.0555173278498313	2	340	log2(tiles)=0.00 log10(pixels)=2.00
-0.113279432843593	1	341	log2(tiles)=1.00 log10(pixels)=2.25
0.0148178230095364	1	342	log2(tiles)=1.00 log10(pixels)=2.25
0.0211892990699383	1	343	log2(tiles)=0.00 log10(pixels)=2.00
-0.102372908709559	1	344	log2(tiles)=1.00 log10(pixels)=2.00
0.10422605308447	1	345	log2(tiles)=1.00 log10(pixels)=2.50
-0.076813731587726	1	346	log2(tiles)=1.00 log10(pixels)=2.25
0.0264618041732443	1	347	log2(tiles)=0.00 log10(pixels)=2.25
-0.00877392430750512	1	348	log2(tiles)=1.00 log10(pixels)=2.00
0.0993352776859577	1	349	log2(tiles)=2.00 log10(pixels)=3.00
-0.106547323513813	1	350	log2(tiles)=0.00 log10(pixels)=1.75
0.0250448070368452	2	351	log2(tiles)=1.00 log10(pixels)=2.50
0.080413773349191	1	352	log2(tiles)=1.00 log10(pixels)=2.25
-0.0409586076789064	2	353	log2(tiles)=0.00 log10(pixels)=2.00
0.0507170782823851	1	354	log2(tiles)=1.00 log10(pixels)=2.75
0.0863241157067516	1	355	log2(tiles)=2.00 log10(pixels)=2.75
-0.0985994592184558	1	356	log2(tiles)=0.00 log10(pixels)=2.50
-0.0604807473813815	1	357	log2(tiles)=0.00 log10(pixels)=2.00
0.0695439355418688	1	358	log2(tiles)=1.00 log10(pixels)=1.75
-0.0598039199714864	1	359	log2(tiles)=0.00 log10(pixels)=1.75
0.012837224705172	1	360	log2(tiles)=1.00 log10(pixels)=2.00
-0.00584540598155714	1	361	log2(tiles)=0.00 log10(pixels)=2.50
0.014547752660286	1	362	log2(tiles)=1.00 log10(pixels)=2.50
-0.10790539730952	1	363	log2(tiles)=1.00 log10(pixels)=2.00
0.0400346113625178	1	364	log2(tiles)=0.00 log10(pixels)=2.25
-0.045880017344075	1	365	log2(tiles)=0.00 log10(pixels)=2.25
-0.0598039199714862	1	366	log2(tiles)=2.00 log10(pixels)=2.75
-0.102059991327962	1	367	log2(tiles)=1.00 log10(pixels)=1.50
-0.0946639625349381	2	368	log2(tiles)=1.00 log10(pixels)=2.25
0.012837224705172	3	369	log2(tiles)=0.00 log10(pixels)=2.00
0.107332496431269	1	370	log2(tiles)=1.00 log10(pixels)=1.75
0.0476516583599693	1	371	log2(tiles)=2.50 log10(pixels)=3.50
0.109240968588203	1	372	log2(tiles)=1.00 log10(pixels)=3.00
-0.0528419686577808	1	373	log2(tiles)=0.00 log10(pixels)=1.50
-0.0917600346881504	1	374	log2(tiles)=2.00 log10(pixels)=2.50
-0.107923538926715	1	375	log2(tiles)=2.00 log10(pixels)=3.25
0.0170333392987803	1	376	log2(tiles)=1.00 log10(pixels)=2.00
-0.0176062401770314	1	377	log2(tiles)=0.00 log10(pixels)=1.75
-0.00833099262005144	1	378	log2(tiles)=2.00 log10(pixels)=3.00
0.0295964912578244	1	379	log2(tiles)=1.50 log10(pixels)=2.75
-0.0457574905606752	1	380	log2(tiles)=0.00 log10(pixels)=2.00
0.0784568180532927	1	381	log2(tiles)=1.50 log10(pixels)=3.00
0.0575350280688531	1	382	log2(tiles)=2.00 log10(pixels)=2.75
-0.103871964321762	2	383	log2(tiles)=1.00 log10(pixels)=2.25
-0.0268721464003014	1	384	log2(tiles)=1.00 log10(pixels)=2.00
0.00511226639507134	1	385	log2(tiles)=2.00 log10(pixels)=2.75
0.0827853703164498	1	386	log2(tiles)=1.00 log10(pixels)=2.00
-0.0195510786217259	1	387	log2(tiles)=1.00 log10(pixels)=2.25
-0.113279432843593	1	388	log2(tiles)=2.00 log10(pixels)=2.25
-0.0451551399914898	1	389	log2(tiles)=0.00 log10(pixels)=2.50
-0.063837352959244	1	390	log2(tiles)=1.50 log10(pixels)=2.50
-0.102372908709559	1	391	log2(tiles)=0.00 log10(pixels)=2.00
0.080413773349191	2	392	log2(tiles)=1.00 log10(pixels)=2.25
-0.0200257143004445	1	393	log2(tiles)=2.00 log10(pixels)=2.75
0.0224442335063197	1	394	log2(tiles)=2.00 log10(pixels)=2.50
-0.100179497572904	1	395	log2(tiles)=1.00 log10(pixels)=3.00
-0.0915149811213503	1	396	log2(tiles)=1.00 log10(pixels)=2.00
0.0440680443502757	1	397	log2(tiles)=0.00 log10(pixels)=1.50
0.0561799739838871	1	398	log2(tiles)=0.00 log10(pixels)=1.75
0.0963529744506388	1	399	log2(tiles)=1.00 log10(pixels)=2.25
-0.117982957425132	1	400	log2(tiles)=0.00 log10(pixels)=2.50
0.00432137378264263	2	401	log2(tiles)=0.00 log10(pixels)=2.00
0.1232492903979	1	402	log2(tiles)=2.00 log10(pixels)=2.50
0.117355921026019	1	403	log2(tiles)=2.00 log10(pixels)=2.25
0.0550944485783194	1	404	log2(tiles)=1.00 log10(pixels)=2.50
0.0466651902615309	1	405	log2(tiles)=0.00 log10(pixels)=2.25
0.0492180226701815	1	406	log2(tiles)=1.00 log10(pixels)=2.00
-0.0598039199714864	2	407	log2(tiles)=0.00 log10(pixels)=1.75
0.101258348719075	1	408	log2(tiles)=0.00 log10(pixels)=1.75
-0.0809219076239261	2	409	log2(tiles)=0.00 log10(pixels)=2.00
-0.106985199745905	1	410	log2(tiles)=0.00 log10(pixels)=2.25
-0.121602099051862	1	411	log2(tiles)=2.00 log10(pixels)=2.50
0.00860017176191752	1	412	log2(tiles)=1.00 log10(pixels)=2.00
-0.096879478824182	1	413	log2(tiles)=0.00 log10(pixels)=2.50
0.0691060593097763	1	414	log2(tiles)=2.00 log10(pixels)=3.25
-0.10790539730952	1	415	log2(tiles)=0.00 log10(pixels)=2.00
0.0606978403536118	1	416	log2(tiles)=1.00 log10(pixels)=2.00
-0.0506099933550872	1	417	log2(tiles)=1.50 log10(pixels)=2.00
0.0134279935629373	1	418	log2(tiles)=1.50 log10(pixels)=2.75
-0.0946639625349381	3	419	log2(tiles)=1.00 log10(pixels)=2.25
-0.116461091629783	1	420	log2(tiles)=1.00 log10(pixels)=2.25
-0.0967874862246563	1	421	log2(tiles)=0.00 log10(pixels)=1.75
0.0791812460476247	2	422	log2(tiles)=0.00 log10(pixels)=2.00
0.119215857410143	1	423	log2(tiles)=1.00 log10(pixels)=2.25
0.0134279935629373	2	424	log2(tiles)=0.00 log10(pixels)=1.75
0.00587485567249146	1	425	log2(tiles)=0.00 log10(pixels)=1.75
0.0423916894982539	1	426	log2(tiles)=0.00 log10(pixels)=1.75
-0.0653085691824011	1	427	log2(tiles)=1.00 log10(pixels)=2.25
-0.0424298239020637	1	428	log2(tiles)=0.00 log10(pixels)=1.75
0.0622058088197126	1	429	log2(tiles)=2.25 log10(pixels)=3.00
0.0899051114393981	1	430	log2(tiles)=1.00 log10(pixels)=2.00
-0.00696195131370558	1	431	log2(tiles)=0.00 log10(pixels)=2.25
0.0334237554869499	2	432	log2(tiles)=0.00 log10(pixels)=2.00
0.0553513694466239	1	433	log2(tiles)=1.00 log10(pixels)=2.25
-0.0779021420642825	1	434	log2(tiles)=0.00 log10(pixels)=1.75
-0.0232727909734276	2	435	log2(tiles)=1.00 log10(pixels)=2.75
-0.0339966563652008	1	436	log2(tiles)=1.00 log10(pixels)=1.75
0.117467487859051	1	437	log2(tiles)=0.00 log10(pixels)=2.75
-0.00863830616572736	1	438	log2(tiles)=0.00 log10(pixels)=1.50
0.104108439147401	1	439	log2(tiles)=1.50 log10(pixels)=2.25
-0.0739087409443187	1	440	log2(tiles)=1.50 log10(pixels)=2.25
-0.00863830616572736	2	441	log2(tiles)=0.00 log10(pixels)=1.50
0.103803720955957	1	442	log2(tiles)=1.00 log10(pixels)=2.00
-0.0228787452803376	1	443	log2(tiles)=0.00 log10(pixels)=1.50
0.068201724066995	1	444	log2(tiles)=1.00 log10(pixels)=1.50
-0.0598039199714864	3	445	log2(tiles)=0.00 log10(pixels)=1.75
-0.0362121726544447	1	446	log2(tiles)=1.00 log10(pixels)=2.00
0.0374264979406238	2	447	log2(tiles)=0.00 log10(pixels)=2.00
0.0293837776852097	2	448	log2(tiles)=0.00 log10(pixels)=2.00
0.068201724066995	1	449	log2(tiles)=0.00 log10(pixels)=1.50
-0.076058001365912	1	450	log2(tiles)=1.50 log10(pixels)=2.75
-0.0833594926617192	1	451	log2(tiles)=2.00 log10(pixels)=2.50
0.0440680443502757	1	452	log2(tiles)=0.00 log10(pixels)=2.50
0.00514997831990605	1	453	log2(tiles)=1.00 log10(pixels)=1.50
-0.00963731050575611	1	454	log2(tiles)=0.00 log10(pixels)=1.75
-0.0362121726544447	2	455	log2(tiles)=1.00 log10(pixels)=2.00
-0.0346171485515816	2	456	log2(tiles)=1.00 log10(pixels)=2.50
0.0333012287035497	1	457	log2(tiles)=1.00 log10(pixels)=2.25
0.00514997831990605	1	458	log2(tiles)=0.00 log10(pixels)=1.50
-0.0257241303992108	1	459	log2(tiles)=0.00 log10(pixels)=1.75
-0.0967874862246563	2	460	log2(tiles)=0.00 log10(pixels)=1.75
-0.0783960731301687	1	461	log2(tiles)=1.00 log10(pixels)=2.50
0.05307844348342	1	462	log2(tiles)=1.00 log10(pixels)=2.00
0.0185139398778875	2	463	log2(tiles)=0.00 log10(pixels)=1.50
-0.0528419686577808	2	464	log2(tiles)=0.00 log10(pixels)=1.50
0.0934216851622351	1	465	log2(tiles)=1.00 log10(pixels)=2.00
-0.0362121726544447	3	466	log2(tiles)=1.00 log10(pixels)=2.00
-0.0176062401770314	2	467	log2(tiles)=0.00 log10(pixels)=1.75
0.0287536009528289	1	468	log2(tiles)=1.00 log10(pixels)=2.25
-0.0170038896078464	1	469	log2(tiles)=1.00 log10(pixels)=2.25
-0.0655015487564323	1	470	log2(tiles)=0.00 log10(pixels)=2.00
0.0824384599156054	1	471	log2(tiles)=0.00 log10(pixels)=2.25
0.0634810853944106	1	472	log2(tiles)=1.50 log10(pixels)=2.50
-0.0215996412969952	1	473	log2(tiles)=2.00 log10(pixels)=3.25
0.075546961392531	1	474	log2(tiles)=0.00 log10(pixels)=2.00
0.012837224705172	4	475	log2(tiles)=0.00 log10(pixels)=2.00
-0.0195510786217261	1	476	log2(tiles)=0.00 log10(pixels)=1.25
-0.10790539730952	2	477	log2(tiles)=0.00 log10(pixels)=2.00
0.123249290397901	1	478	log2(tiles)=1.00 log10(pixels)=1.50
-0.075118363368933	1	479	log2(tiles)=0.00 log10(pixels)=2.50
0.113609151073028	1	480	log2(tiles)=2.00 log10(pixels)=3.00
0.0850561017201161	1	481	log2(tiles)=1.50 log10(pixels)=2.75
-0.0246907182741372	1	482	log2(tiles)=1.00 log10(pixels)=2.25
-0.0176062401770314	3	483	log2(tiles)=0.00 log10(pixels)=1.75
-0.0221132953863266	1	484	log2(tiles)=1.00 log10(pixels)=2.25
0.0983048630481607	1	485	log2(tiles)=1.00 log10(pixels)=2.25
0.113322860120456	1	486	log2(tiles)=1.00 log10(pixels)=1.75
-0.0651546383555877	2	487	log2(tiles)=1.50 log10(pixels)=2.75
0.0492180226701815	2	488	log2(tiles)=1.00 log10(pixels)=2.00
0.0353298350107671	1	489	log2(tiles)=1.00 log10(pixels)=1.75
-0.029891911959945	1	490	log2(tiles)=1.00 log10(pixels)=2.25
-0.0376020021010439	1	491	log2(tiles)=0.00 log10(pixels)=1.50
0.0185139398778875	3	492	log2(tiles)=0.00 log10(pixels)=1.50
0.0827853703164498	1	493	log2(tiles)=0.00 log10(pixels)=2.00
0.0185139398778875	4	494	log2(tiles)=0.00 log10(pixels)=1.50
0.107209969647868	1	495	log2(tiles)=1.00 log10(pixels)=2.00
-0.075118363368933	1	496	log2(tiles)=1.00 log10(pixels)=2.50
0.0760748027008265	1	497	log2(tiles)=0.00 log10(pixels)=1.75
0.102059991327963	2	498	log2(tiles)=0.00 log10(pixels)=1.50
0.0423916894982539	1	499	log2(tiles)=1.00 log10(pixels)=1.75
-0.0395292224657009	1	500	log2(tiles)=1.50 log10(pixels)=3.00
0.037819095073274	1	501	log2(tiles)=0.00 log10(pixels)=2.50
-0.0176062401770314	4	502	log2(tiles)=0.00 log10(pixels)=1.75
-0.0687587626244128	1	503	log2(tiles)=0.00 log10(pixels)=1.75
-0.0331622767004753	1	504	log2(tiles)=1.00 log10(pixels)=2.75
0.0797835966168101	1	505	log2(tiles)=1.50 log10(pixels)=2.50
-0.0967874862246563	3	506	log2(tiles)=0.00 log10(pixels)=1.75
0.113611979892144	2	507	log2(tiles)=1.00 log10(pixels)=2.25
-0.0967874862246565	1	508	log2(tiles)=2.00 log10(pixels)=2.75
-0.00884840114821506	1	509	log2(tiles)=2.00 log10(pixels)=2.75
0.0675653695597807	1	510	log2(tiles)=1.00 log10(pixels)=2.75
-0.119186407719209	2	511	log2(tiles)=0.00 log10(pixels)=2.00
0.0413926851582249	1	512	log2(tiles)=0.00 log10(pixels)=2.00
0.0352941200427703	1	513	log2(tiles)=1.50 log10(pixels)=2.50
-0.0142785735184199	1	514	log2(tiles)=1.50 log10(pixels)=2.50
0.0287536009528289	1	515	log2(tiles)=0.00 log10(pixels)=1.25
-0.0222763947111522	1	516	log2(tiles)=1.00 log10(pixels)=2.00
-0.106547323513813	2	517	log2(tiles)=0.00 log10(pixels)=1.75
0.124748346010104	1	518	log2(tiles)=1.50 log10(pixels)=2.25
0.0888490907372552	2	519	log2(tiles)=0.00 log10(pixels)=1.75
0.110589710299249	1	520	log2(tiles)=0.00 log10(pixels)=2.00
0.0760748027008265	2	521	log2(tiles)=0.00 log10(pixels)=1.75
0.0998830720736876	1	522	log2(tiles)=1.00 log10(pixels)=2.50
-0.0170038896078464	1	523	log2(tiles)=1.50 log10(pixels)=2.25
0.113322860120456	1	524	log2(tiles)=0.00 log10(pixels)=1.75
0.0854607295085006	1	525	log2(tiles)=1.00 log10(pixels)=2.50
-0.0917600346881504	1	526	log2(tiles)=1.00 log10(pixels)=2.50
0.0185139398778875	1	527	log2(tiles)=1.00 log10(pixels)=1.50
-0.0779021420642825	2	528	log2(tiles)=0.00 log10(pixels)=1.75
-0.0127807700919953	1	529	log2(tiles)=1.50 log10(pixels)=3.00
0.109835482339888	1	530	log2(tiles)=1.00 log10(pixels)=2.25
0.123249290397901	2	531	log2(tiles)=1.00 log10(pixels)=1.50
0.0563025007672873	1	532	log2(tiles)=0.00 log10(pixels)=1.50
0.0950980400142569	1	533	log2(tiles)=0.00 log10(pixels)=1.75
-0.0779021420642825	3	534	log2(tiles)=0.00 log10(pixels)=1.75
0.00514997831990605	2	535	log2(tiles)=0.00 log10(pixels)=1.50
0.0185139398778875	5	536	log2(tiles)=0.00 log10(pixels)=1.50
-0.0757207139381184	2	537	log2(tiles)=0.00 log10(pixels)=2.00
0.0773692730538254	1	538	log2(tiles)=1.50 log10(pixels)=2.75
0.0722192947339193	1	539	log2(tiles)=0.00 log10(pixels)=1.25
-0.00863830616572736	3	540	log2(tiles)=0.00 log10(pixels)=1.50
-0.0985994592184558	2	541	log2(tiles)=0.00 log10(pixels)=2.50
0.120136054973758	1	542	log2(tiles)=1.00 log10(pixels)=2.50
0.102059991327963	1	543	log2(tiles)=1.50 log10(pixels)=2.50
-0.029891911959945	1	544	log2(tiles)=1.50 log10(pixels)=2.25
0.0717088318086878	1	545	log2(tiles)=0.00 log10(pixels)=2.50
-0.118556230986828	1	546	log2(tiles)=1.50 log10(pixels)=2.75
0.111727836017593	1	547	log2(tiles)=1.00 log10(pixels)=1.25
0.0563025007672873	2	548	log2(tiles)=0.00 log10(pixels)=1.50
-0.0872421683184259	1	549	log2(tiles)=1.00 log10(pixels)=1.75
-0.0365094569060576	1	550	log2(tiles)=1.50 log10(pixels)=2.75
0.021841606536499	1	551	log2(tiles)=1.50 log10(pixels)=2.25
0.0353298350107671	1	552	log2(tiles)=0.00 log10(pixels)=1.75
-0.0872421683184259	1	553	log2(tiles)=0.00 log10(pixels)=1.75
-0.0100415205751654	1	554	log2(tiles)=0.00 log10(pixels)=2.50
0.106025857193123	1	555	log2(tiles)=1.00 log10(pixels)=2.25
-0.00945075171740051	1	556	log2(tiles)=1.00 log10(pixels)=2.25
0.100370545117563	1	557	log2(tiles)=2.00 log10(pixels)=2.00
0.0492180226701815	2	558	log2(tiles)=0.00 log10(pixels)=2.00
0.0910646070264991	3	559	log2(tiles)=0.00 log10(pixels)=1.50
-0.0176062401770314	1	560	log2(tiles)=1.00 log10(pixels)=1.75
0.0134279935629373	1	561	log2(tiles)=1.00 log10(pixels)=1.75
-0.0598039199714864	4	562	log2(tiles)=0.00 log10(pixels)=1.75
0.0253058652647704	1	563	log2(tiles)=0.00 log10(pixels)=2.00
-0.0486028756795487	1	564	log2(tiles)=0.00 log10(pixels)=2.25
-0.0967874862246563	4	565	log2(tiles)=0.00 log10(pixels)=1.75
-0.10790539730952	3	566	log2(tiles)=0.00 log10(pixels)=2.00
-0.0221132953863266	1	567	log2(tiles)=1.50 log10(pixels)=2.25
-0.0977116556169437	2	568	log2(tiles)=0.00 log10(pixels)=2.25
-0.0861861476162833	1	569	log2(tiles)=1.50 log10(pixels)=2.00
0.0198279937757189	1	570	log2(tiles)=0.00 log10(pixels)=2.50
0.0825089127062364	3	571	log2(tiles)=0.00 log10(pixels)=1.75
-0.0506099933550872	1	572	log2(tiles)=1.00 log10(pixels)=2.00
0.0722192947339191	1	573	log2(tiles)=1.00 log10(pixels)=2.25
0.0353298350107671	2	574	log2(tiles)=0.00 log10(pixels)=1.75
-0.0797382846050425	1	575	log2(tiles)=1.00 log10(pixels)=2.25
-0.0457574905606752	2	576	log2(tiles)=0.00 log10(pixels)=2.00
0.0493405494535817	1	577	log2(tiles)=1.00 log10(pixels)=1.75
0.0797835966168101	1	578	log2(tiles)=0.00 log10(pixels)=1.50
-0.0555173278498313	2	579	log2(tiles)=1.00 log10(pixels)=2.00
-0.0195510786217261	2	580	log2(tiles)=0.00 log10(pixels)=1.25
0.100370545117563	2	581	log2(tiles)=1.50 log10(pixels)=2.00
-0.0195510786217261	3	582	log2(tiles)=0.00 log10(pixels)=1.25
-0.0378123955960423	2	583	log2(tiles)=1.00 log10(pixels)=2.25
-0.0195510786217261	4	584	log2(tiles)=0.00 log10(pixels)=1.25
0.0526682161121932	1	585	log2(tiles)=0.00 log10(pixels)=2.50
0.0124510897304293	1	586	log2(tiles)=0.00 log10(pixels)=2.25
-0.0268721464003014	1	587	log2(tiles)=2.00 log10(pixels)=2.00
-0.119788758288394	1	588	log2(tiles)=0.00 log10(pixels)=1.50
0.113322860120456	2	589	log2(tiles)=0.00 log10(pixels)=1.75
-0.0510299956639813	2	590	log2(tiles)=0.00 log10(pixels)=1.75
-0.0457574905606752	1	591	log2(tiles)=1.00 log10(pixels)=2.00
0.0211892990699383	1	592	log2(tiles)=1.00 log10(pixels)=2.00
-0.0362121726544447	1	593	log2(tiles)=0.00 log10(pixels)=2.00
0.0825089127062364	1	594	log2(tiles)=1.00 log10(pixels)=1.75
-0.0195510786217261	5	595	log2(tiles)=0.00 log10(pixels)=1.25
0.00514997831990605	3	596	log2(tiles)=0.00 log10(pixels)=1.50
-0.0228787452803376	2	597	log2(tiles)=0.00 log10(pixels)=1.50
-0.085026652029182	2	598	log2(tiles)=0.00 log10(pixels)=1.50
0.0422560713564759	1	599	log2(tiles)=1.00 log10(pixels)=2.25
-0.0590909179347823	1	600	log2(tiles)=0.00 log10(pixels)=2.50
0.0599066250361124	1	601	log2(tiles)=1.00 log10(pixels)=2.50
-0.0176062401770314	5	602	log2(tiles)=0.00 log10(pixels)=1.75
-0.0739087409443187	1	603	log2(tiles)=0.00 log10(pixels)=1.25
-0.0686362358410126	1	604	log2(tiles)=0.00 log10(pixels)=1.50
0.0553513694466239	1	605	log2(tiles)=1.50 log10(pixels)=2.25
-0.0370978749527775	1	606	log2(tiles)=2.50 log10(pixels)=3.75
0.0400346113625178	1	607	log2(tiles)=1.00 log10(pixels)=2.25
0.00285303097989331	1	608	log2(tiles)=1.50 log10(pixels)=2.25
-0.106547323513813	3	609	log2(tiles)=0.00 log10(pixels)=1.75
-0.045880017344075	2	610	log2(tiles)=1.00 log10(pixels)=2.25
-0.0362121726544447	2	611	log2(tiles)=0.00 log10(pixels)=2.00
-0.0788339493622612	1	612	log2(tiles)=1.00 log10(pixels)=3.00
-0.0665127121512947	1	613	log2(tiles)=2.00 log10(pixels)=3.00
-0.0142785735184199	1	614	log2(tiles)=1.00 log10(pixels)=2.50
0.0797835966168101	2	615	log2(tiles)=0.00 log10(pixels)=1.50
-0.102372908709559	2	616	log2(tiles)=0.00 log10(pixels)=2.00
0.0825089127062364	2	617	log2(tiles)=1.00 log10(pixels)=1.75
-0.0228787452803376	3	618	log2(tiles)=0.00 log10(pixels)=1.50
-0.0176062401770314	6	619	log2(tiles)=0.00 log10(pixels)=1.75
0.100370545117563	2	620	log2(tiles)=0.00 log10(pixels)=2.00
-0.00863830616572736	4	621	log2(tiles)=0.00 log10(pixels)=1.50
-0.0528419686577806	1	622	log2(tiles)=1.00 log10(pixels)=2.50
-0.0043648054024501	2	623	log2(tiles)=1.00 log10(pixels)=2.00
0.102059991327963	1	624	log2(tiles)=1.00 log10(pixels)=1.50
-0.0199930570428495	1	625	log2(tiles)=1.50 log10(pixels)=2.50
0.0722192947339193	2	626	log2(tiles)=0.00 log10(pixels)=1.25
0.0788191830988487	1	627	log2(tiles)=1.50 log10(pixels)=3.00
0.0649131812750738	1	628	log2(tiles)=0.00 log10(pixels)=2.75
0.0783796034387376	1	629	log2(tiles)=2.00 log10(pixels)=2.25
-0.10790539730952	4	630	log2(tiles)=0.00 log10(pixels)=2.00
0.0943922736851106	1	631	log2(tiles)=1.00 log10(pixels)=2.25
0.0134279935629373	1	632	log2(tiles)=1.00 log10(pixels)=2.75
0.123249290397901	1	633	log2(tiles)=0.00 log10(pixels)=1.50
-0.0867002359187481	1	634	log2(tiles)=1.00 log10(pixels)=2.50
-0.103871964321762	1	635	log2(tiles)=0.00 log10(pixels)=1.25
-0.102372908709559	3	636	log2(tiles)=0.00 log10(pixels)=2.00
-0.0681564120552274	1	637	log2(tiles)=1.00 log10(pixels)=2.25
0.102059991327963	3	638	log2(tiles)=0.00 log10(pixels)=1.50
-0.0861861476162833	1	639	log2(tiles)=0.00 log10(pixels)=2.00
0.00242711998443257	1	640	log2(tiles)=1.50 log10(pixels)=2.50
-0.0257241303992108	3	641	log2(tiles)=1.00 log10(pixels)=1.75
-0.0510299956639813	3	642	log2(tiles)=0.00 log10(pixels)=1.75
-0.0757207139381184	3	643	log2(tiles)=0.00 log10(pixels)=2.00
0.103089529851866	1	644	log2(tiles)=1.00 log10(pixels)=2.75
0.0659703454569178	1	645	log2(tiles)=0.00 log10(pixels)=2.25
-0.0967874862246563	1	646	log2(tiles)=1.00 log10(pixels)=1.75
0.0888490907372552	3	647	log2(tiles)=0.00 log10(pixels)=1.75
0.0910646070264991	4	648	log2(tiles)=0.00 log10(pixels)=1.50
0.119231719730976	1	649	log2(tiles)=0.00 log10(pixels)=1.75
-0.0272835288524167	1	650	log2(tiles)=1.00 log10(pixels)=2.25
0.00587485567249146	1	651	log2(tiles)=1.00 log10(pixels)=1.75
-0.0144715530924513	1	652	log2(tiles)=1.00 log10(pixels)=2.25
0.0293837776852097	3	653	log2(tiles)=0.00 log10(pixels)=2.00
0.10959440922522	1	654	log2(tiles)=1.00 log10(pixels)=2.50
0.0409884750888159	1	655	log2(tiles)=2.00 log10(pixels)=2.75
-0.0861861476162833	2	656	log2(tiles)=0.00 log10(pixels)=2.00
-0.082682665251824	1	657	log2(tiles)=0.00 log10(pixels)=2.25
0.103803720955957	2	658	log2(tiles)=0.00 log10(pixels)=2.00
-0.0486028756795487	1	659	log2(tiles)=1.00 log10(pixels)=2.25
-0.082682665251824	1	660	log2(tiles)=1.00 log10(pixels)=2.25
-0.031517051446065	1	661	log2(tiles)=2.00 log10(pixels)=2.00
0.0599066250361124	2	662	log2(tiles)=1.00 log10(pixels)=2.50
-0.114393726401688	1	663	log2(tiles)=0.00 log10(pixels)=2.50
0.0924226808222062	1	664	log2(tiles)=0.00 log10(pixels)=1.25
0.113943352306837	2	665	log2(tiles)=0.00 log10(pixels)=1.00
0.0510299956639813	1	666	log2(tiles)=0.00 log10(pixels)=1.25
0.00860017176191752	2	667	log2(tiles)=1.00 log10(pixels)=2.00
0.00767857486918455	1	668	log2(tiles)=0.00 log10(pixels)=2.25
-0.0686362358410126	1	669	log2(tiles)=1.00 log10(pixels)=2.50
-0.0228787452803376	4	670	log2(tiles)=0.00 log10(pixels)=1.50
-0.0170038896078464	2	671	log2(tiles)=1.00 log10(pixels)=2.25
0.0950980400142569	2	672	log2(tiles)=1.00 log10(pixels)=1.75
-0.0528419686577808	1	673	log2(tiles)=1.00 log10(pixels)=1.50
0.123249290397901	2	674	log2(tiles)=0.00 log10(pixels)=1.50
-0.119788758288394	2	675	log2(tiles)=0.00 log10(pixels)=1.50
0.0413926851582249	1	676	log2(tiles)=1.00 log10(pixels)=1.00
0.0563025007672873	3	677	log2(tiles)=0.00 log10(pixels)=1.50
0.0899051114393981	1	678	log2(tiles)=0.00 log10(pixels)=2.00
0.0760748027008265	3	679	log2(tiles)=0.00 log10(pixels)=1.75
-0.0228787452803376	5	680	log2(tiles)=0.00 log10(pixels)=1.50
-0.0664454663811385	1	681	log2(tiles)=2.00 log10(pixels)=3.25
0.103803720955957	1	682	log2(tiles)=1.50 log10(pixels)=2.00
0.0791812460476249	1	683	log2(tiles)=0.00 log10(pixels)=1.00
-0.0376020021010439	2	684	log2(tiles)=0.00 log10(pixels)=1.50
-0.114393726401688	1	685	log2(tiles)=1.50 log10(pixels)=2.50
0.00860017176191752	1	686	log2(tiles)=0.00 log10(pixels)=2.00
-0.0458800173440752	1	687	log2(tiles)=0.00 log10(pixels)=1.25
-0.080044251510242	1	688	log2(tiles)=1.50 log10(pixels)=2.50
0.0718820073061255	1	689	log2(tiles)=0.00 log10(pixels)=2.00
0.0314789170422551	1	690	log2(tiles)=1.00 log10(pixels)=1.50
0.0413926851582249	1	691	log2(tiles)=0.00 log10(pixels)=1.00
0.0510299956639813	2	692	log2(tiles)=0.00 log10(pixels)=1.25
-0.116531544420413	1	693	log2(tiles)=1.00 log10(pixels)=2.75
-0.0176062401770314	7	694	log2(tiles)=0.00 log10(pixels)=1.75
-0.0378123955960423	1	695	log2(tiles)=0.00 log10(pixels)=2.25
-0.0797382846050425	2	696	log2(tiles)=1.00 log10(pixels)=2.25
0	1	697	log2(tiles)=0.00 log10(pixels)=1.00
-0.0466816599529625	1	698	log2(tiles)=1.00 log10(pixels)=2.50
-0.093459819566045	1	699	log2(tiles)=1.50 log10(pixels)=2.50
-0.00963731050575611	1	700	log2(tiles)=1.00 log10(pixels)=1.75
0.111727836017593	1	701	log2(tiles)=0.00 log10(pixels)=1.25
0.0185139398778875	6	702	log2(tiles)=0.00 log10(pixels)=1.50
-0.0246907182741372	2	703	log2(tiles)=1.00 log10(pixels)=2.25
-0.0739087409443187	2	704	log2(tiles)=0.00 log10(pixels)=1.25
-0.106547323513813	1	705	log2(tiles)=1.00 log10(pixels)=1.75
0.0760748027008265	4	706	log2(tiles)=0.00 log10(pixels)=1.75
-0.0856471442155629	1	707	log2(tiles)=0.00 log10(pixels)=2.25
0.111727836017593	2	708	log2(tiles)=0.00 log10(pixels)=1.25
0.092609239610562	1	709	log2(tiles)=1.50 log10(pixels)=2.75
-0.0409586076789064	3	710	log2(tiles)=0.00 log10(pixels)=2.00
-0.0739087409443187	3	711	log2(tiles)=0.00 log10(pixels)=1.25
0.0440680443502757	2	712	log2(tiles)=0.00 log10(pixels)=1.50
-0.0409586076789064	1	713	log2(tiles)=1.00 log10(pixels)=2.00
-0.0739087409443187	1	714	log2(tiles)=1.00 log10(pixels)=1.25
0.0888490907372552	4	715	log2(tiles)=0.00 log10(pixels)=1.75
-0.0687587626244128	1	716	log2(tiles)=1.50 log10(pixels)=1.75
0	1	717	log2(tiles)=1.00 log10(pixels)=2.00
0.0563025007672873	1	718	log2(tiles)=1.50 log10(pixels)=1.50
-0.103871964321762	2	719	log2(tiles)=0.00 log10(pixels)=1.25
0.113943352306837	1	720	log2(tiles)=1.00 log10(pixels)=1.00
-0.0528419686577808	2	721	log2(tiles)=1.00 log10(pixels)=1.50
-0.103871964321762	3	722	log2(tiles)=0.00 log10(pixels)=1.25
-0.0809219076239261	3	723	log2(tiles)=0.00 log10(pixels)=2.00
-0.119788758288394	1	724	log2(tiles)=1.00 log10(pixels)=1.50
0.111727836017593	3	725	log2(tiles)=0.00 log10(pixels)=1.25
-0.00945075171740051	2	726	log2(tiles)=1.00 log10(pixels)=2.25
0.00587485567249146	2	727	log2(tiles)=0.00 log10(pixels)=1.75
0.111727836017593	4	728	log2(tiles)=0.00 log10(pixels)=1.25
-0.0686362358410126	2	729	log2(tiles)=0.00 log10(pixels)=1.50
-0.0604807473813815	1	730	log2(tiles)=2.00 log10(pixels)=2.00
-0.119788758288394	3	731	log2(tiles)=0.00 log10(pixels)=1.50
-0.0687587626244128	2	732	log2(tiles)=0.00 log10(pixels)=1.75
0.102059991327963	4	733	log2(tiles)=0.00 log10(pixels)=1.50
-0.0331323796458904	1	734	log2(tiles)=1.00 log10(pixels)=2.50
0.0334237554869499	1	735	log2(tiles)=1.00 log10(pixels)=2.00
0.0888490907372552	5	736	log2(tiles)=0.00 log10(pixels)=1.75
-0.0424298239020637	1	737	log2(tiles)=1.00 log10(pixels)=1.75
0.0314789170422551	1	738	log2(tiles)=0.00 log10(pixels)=1.50
0.0797835966168101	3	739	log2(tiles)=0.00 log10(pixels)=1.50
-0.0510299956639813	4	740	log2(tiles)=0.00 log10(pixels)=1.75
-0.0195510786217259	2	741	log2(tiles)=1.00 log10(pixels)=2.25
0.110589710299249	2	742	log2(tiles)=0.00 log10(pixels)=2.00
0.0791812460476247	1	743	log2(tiles)=1.00 log10(pixels)=2.00
0.0910646070264991	5	744	log2(tiles)=0.00 log10(pixels)=1.50
-0.0457574905606751	1	745	log2(tiles)=0.00 log10(pixels)=1.00
0.00527250510330601	1	746	log2(tiles)=0.00 log10(pixels)=1.25
-0.103871964321762	4	747	log2(tiles)=0.00 log10(pixels)=1.25
0.073474229170301	1	748	log2(tiles)=1.50 log10(pixels)=2.75
-0.0257241303992108	2	749	log2(tiles)=0.00 log10(pixels)=1.75
0.111727836017593	5	750	log2(tiles)=0.00 log10(pixels)=1.25
-0.0872421683184259	2	751	log2(tiles)=1.00 log10(pixels)=1.75
-0.110120913598764	1	752	log2(tiles)=0.00 log10(pixels)=2.25
-0.0458800173440752	2	753	log2(tiles)=0.00 log10(pixels)=1.25
-0.0809219076239261	4	754	log2(tiles)=0.00 log10(pixels)=2.00
0.123249290397901	3	755	log2(tiles)=1.00 log10(pixels)=1.50
-0.0833594926617192	1	756	log2(tiles)=1.00 log10(pixels)=2.50
-0.0533075336284727	1	757	log2(tiles)=2.50 log10(pixels)=3.50
0.0888490907372552	1	758	log2(tiles)=1.00 log10(pixels)=1.75
0.012837224705172	1	759	log2(tiles)=2.00 log10(pixels)=3.00
0.0797835966168101	4	760	log2(tiles)=0.00 log10(pixels)=1.50
0.0440680443502757	3	761	log2(tiles)=0.00 log10(pixels)=1.50
-0.0268721464003014	1	762	log2(tiles)=0.00 log10(pixels)=2.00
0.0211892990699383	2	763	log2(tiles)=1.00 log10(pixels)=2.00
-0.0604807473813815	2	764	log2(tiles)=0.00 log10(pixels)=2.00
0.0629133566428555	2	765	log2(tiles)=0.00 log10(pixels)=1.75
0.0355573090077739	1	766	log2(tiles)=1.00 log10(pixels)=2.25
-0.0376020021010439	3	767	log2(tiles)=0.00 log10(pixels)=1.50
-0.0686362358410126	1	768	log2(tiles)=1.00 log10(pixels)=1.50
-0.0861861476162833	3	769	log2(tiles)=0.00 log10(pixels)=2.00
-0.0946639625349381	4	770	log2(tiles)=1.00 log10(pixels)=2.25
-0.0376020021010439	4	771	log2(tiles)=0.00 log10(pixels)=1.50
-0.031517051446065	1	772	log2(tiles)=0.00 log10(pixels)=2.00
-0.0119538968712045	1	773	log2(tiles)=1.00 log10(pixels)=2.25
-0.116531544420413	2	774	log2(tiles)=0.00 log10(pixels)=1.75
0.0334237554869499	2	775	log2(tiles)=1.00 log10(pixels)=2.00
-0.0458800173440752	3	776	log2(tiles)=0.00 log10(pixels)=1.25
-0.0132282657337552	2	777	log2(tiles)=0.00 log10(pixels)=2.00
0.0728716022004803	1	778	log2(tiles)=1.00 log10(pixels)=2.50
0.0374264979406238	3	779	log2(tiles)=0.00 log10(pixels)=2.00
0.0825089127062364	4	780	log2(tiles)=0.00 log10(pixels)=1.75
-0.0555173278498313	3	781	log2(tiles)=0.00 log10(pixels)=2.00
0.0423916894982539	2	782	log2(tiles)=0.00 log10(pixels)=1.75
-0.0528419686577808	3	783	log2(tiles)=0.00 log10(pixels)=1.50
-0.0568754016455384	1	784	log2(tiles)=1.00 log10(pixels)=2.25
0.110936620700094	1	785	log2(tiles)=1.00 log10(pixels)=2.75
-0.0386124470631413	1	786	log2(tiles)=1.00 log10(pixels)=3.25
0.113322860120456	1	787	log2(tiles)=2.00 log10(pixels)=2.75
-0.045880017344075	3	788	log2(tiles)=1.00 log10(pixels)=2.25
-0.106547323513813	4	789	log2(tiles)=0.00 log10(pixels)=1.75
-0.0850266520291823	1	790	log2(tiles)=1.50 log10(pixels)=2.50
-0.119186407719209	2	791	log2(tiles)=1.00 log10(pixels)=2.00
0.0950980400142568	1	792	log2(tiles)=1.00 log10(pixels)=0.75
-0.0195510786217261	6	793	log2(tiles)=0.00 log10(pixels)=1.25
0.0924226808222062	2	794	log2(tiles)=0.00 log10(pixels)=1.25
-0.0376020021010439	5	795	log2(tiles)=0.00 log10(pixels)=1.50
0.0791812460476249	2	796	log2(tiles)=0.00 log10(pixels)=1.00
0.0791812460476249	3	797	log2(tiles)=0.00 log10(pixels)=1.00
-0.0458800173440752	4	798	log2(tiles)=0.00 log10(pixels)=1.25
0.0287536009528289	1	799	log2(tiles)=2.00 log10(pixels)=2.25
0.0413926851582249	2	800	log2(tiles)=0.00 log10(pixels)=1.00
0.00527250510330601	1	801	log2(tiles)=1.00 log10(pixels)=1.25
0.0950980400142568	1	802	log2(tiles)=0.00 log10(pixels)=0.75
0.107209969647868	2	803	log2(tiles)=1.00 log10(pixels)=2.00
0.068201724066995	2	804	log2(tiles)=1.00 log10(pixels)=1.50
-0.093459819566045	1	805	log2(tiles)=1.00 log10(pixels)=2.50
-0.0686362358410126	3	806	log2(tiles)=0.00 log10(pixels)=1.50
0.123851640967086	1	807	log2(tiles)=1.00 log10(pixels)=2.00
0.102059991327963	5	808	log2(tiles)=0.00 log10(pixels)=1.50
-0.113279432843593	1	809	log2(tiles)=0.00 log10(pixels)=2.25
0.110589710299249	3	810	log2(tiles)=0.00 log10(pixels)=2.00
0.0695439355418688	1	811	log2(tiles)=0.00 log10(pixels)=1.75
-0.119788758288394	2	812	log2(tiles)=1.00 log10(pixels)=1.50
0.0314789170422551	2	813	log2(tiles)=0.00 log10(pixels)=1.50
-0.103871964321762	5	814	log2(tiles)=0.00 log10(pixels)=1.25
0.101258348719075	1	815	log2(tiles)=2.00 log10(pixels)=1.75
-0.0624792791635369	1	816	log2(tiles)=1.00 log10(pixels)=2.25
-0.0409586076789064	4	817	log2(tiles)=0.00 log10(pixels)=2.00
-0.119666231504994	1	818	log2(tiles)=0.00 log10(pixels)=2.25
0.0440680443502757	4	819	log2(tiles)=0.00 log10(pixels)=1.50
-0.113279432843593	2	820	log2(tiles)=1.00 log10(pixels)=2.25
-0.0486028756795487	2	821	log2(tiles)=0.00 log10(pixels)=2.25
0.0797835966168101	5	822	log2(tiles)=0.00 log10(pixels)=1.50
-0.0590909179347823	1	823	log2(tiles)=1.00 log10(pixels)=2.50
-0.0967950999157159	1	824	log2(tiles)=2.25 log10(pixels)=3.25
0.0924226808222062	3	825	log2(tiles)=0.00 log10(pixels)=1.25
0.0563025007672873	4	826	log2(tiles)=0.00 log10(pixels)=1.50
0.0253058652647704	2	827	log2(tiles)=0.00 log10(pixels)=2.00
-0.0132282657337552	1	828	log2(tiles)=1.00 log10(pixels)=2.00
0.00587485567249146	2	829	log2(tiles)=1.00 log10(pixels)=1.75
-0.0272435506827877	1	830	log2(tiles)=1.50 log10(pixels)=2.50
-0.0598039199714864	5	831	log2(tiles)=0.00 log10(pixels)=1.75
-0.0424298239020637	2	832	log2(tiles)=0.00 log10(pixels)=1.75
0.0281512503836436	1	833	log2(tiles)=0.00 log10(pixels)=0.75
0.1232492903979	1	834	log2(tiles)=0.00 log10(pixels)=2.50
0.107332496431269	1	835	log2(tiles)=0.00 log10(pixels)=1.75
-0.0739087409443187	4	836	log2(tiles)=0.00 log10(pixels)=1.25
0.00432137378264263	3	837	log2(tiles)=0.00 log10(pixels)=2.00
0.0950980400142569	3	838	log2(tiles)=1.00 log10(pixels)=1.75
0.0185139398778875	7	839	log2(tiles)=0.00 log10(pixels)=1.50
-0.119788758288394	4	840	log2(tiles)=0.00 log10(pixels)=1.50
0.0924226808222062	4	841	log2(tiles)=0.00 log10(pixels)=1.25
0.0185139398778875	2	842	log2(tiles)=1.00 log10(pixels)=1.50
0.00860017176191752	2	843	log2(tiles)=0.00 log10(pixels)=2.00
0.112783856719735	1	844	log2(tiles)=1.00 log10(pixels)=1.50
-0.0872421683184259	2	845	log2(tiles)=0.00 log10(pixels)=1.75
0.080413773349191	1	846	log2(tiles)=0.00 log10(pixels)=2.25
0.0374264979406238	1	847	log2(tiles)=1.00 log10(pixels)=2.00
0.0722192947339193	3	848	log2(tiles)=0.00 log10(pixels)=1.25
0.0742824552976926	1	849	log2(tiles)=1.00 log10(pixels)=2.25
0.0287536009528289	1	850	log2(tiles)=1.00 log10(pixels)=1.25
-0.0457574905606751	2	851	log2(tiles)=0.00 log10(pixels)=1.00
0.123249290397901	4	852	log2(tiles)=1.00 log10(pixels)=1.50
-0.0458800173440752	5	853	log2(tiles)=0.00 log10(pixels)=1.25
0.0943922736851106	1	854	log2(tiles)=0.00 log10(pixels)=2.25
-0.102059991327962	1	855	log2(tiles)=0.00 log10(pixels)=1.50
0.0606978403536118	1	856	log2(tiles)=0.00 log10(pixels)=2.00
0.11066016308988	1	857	log2(tiles)=1.00 log10(pixels)=2.50
-0.00863830616572736	5	858	log2(tiles)=0.00 log10(pixels)=1.50
-0.0705810742857072	1	859	log2(tiles)=0.00 log10(pixels)=2.00
-0.0528419686577808	4	860	log2(tiles)=0.00 log10(pixels)=1.50
0.0695439355418688	2	861	log2(tiles)=0.00 log10(pixels)=1.75
-0.0739087409443187	5	862	log2(tiles)=0.00 log10(pixels)=1.25
0.0314789170422551	3	863	log2(tiles)=0.00 log10(pixels)=1.50
-0.103871964321762	6	864	log2(tiles)=0.00 log10(pixels)=1.25
-0.0872421683184259	3	865	log2(tiles)=0.00 log10(pixels)=1.75
0	1	866	log2(tiles)=0.00 log10(pixels)=2.00
0.0722192947339193	4	867	log2(tiles)=0.00 log10(pixels)=1.25
-0.102059991327962	2	868	log2(tiles)=0.00 log10(pixels)=1.50
0	2	869	log2(tiles)=0.00 log10(pixels)=1.00
-0.103871964321762	7	870	log2(tiles)=0.00 log10(pixels)=1.25
-0.085026652029182	3	871	log2(tiles)=0.00 log10(pixels)=1.50
0.0924226808222062	5	872	log2(tiles)=0.00 log10(pixels)=1.25
-0.0969100130080565	1	873	log2(tiles)=0.00 log10(pixels)=1.00
-0.0686362358410126	4	874	log2(tiles)=0.00 log10(pixels)=1.50
-0.0779021420642825	4	875	log2(tiles)=0.00 log10(pixels)=1.75
0.00527250510330601	1	876	log2(tiles)=0.00 log10(pixels)=2.25
-0.113279432843593	1	877	log2(tiles)=1.00 log10(pixels)=3.25
-0.00963731050575611	2	878	log2(tiles)=0.00 log10(pixels)=1.75
0.111727836017593	6	879	log2(tiles)=0.00 log10(pixels)=1.25
-0.0872421683184259	4	880	log2(tiles)=0.00 log10(pixels)=1.75
-0.119186407719209	3	881	log2(tiles)=0.00 log10(pixels)=2.00
-0.0195510786217261	1	882	log2(tiles)=1.00 log10(pixels)=1.25
-0.0528419686577808	5	883	log2(tiles)=0.00 log10(pixels)=1.50
-0.0228787452803376	6	884	log2(tiles)=0.00 log10(pixels)=1.50
0.0440680443502757	1	885	log2(tiles)=1.00 log10(pixels)=1.50
0.0510299956639813	3	886	log2(tiles)=0.00 log10(pixels)=1.25
-0.0598039199714864	6	887	log2(tiles)=0.00 log10(pixels)=1.75
-0.0291883891274822	1	888	log2(tiles)=1.00 log10(pixels)=3.00
-0.106547323513813	2	889	log2(tiles)=1.00 log10(pixels)=1.75
-0.0710230527068307	1	890	log2(tiles)=0.00 log10(pixels)=2.25
-0.0686362358410126	5	891	log2(tiles)=0.00 log10(pixels)=1.50
-0.0457574905606751	3	892	log2(tiles)=0.00 log10(pixels)=1.00
0.0825089127062364	3	893	log2(tiles)=1.00 log10(pixels)=1.75
-0.106547323513813	5	894	log2(tiles)=0.00 log10(pixels)=1.75
-0.0739087409443187	6	895	log2(tiles)=0.00 log10(pixels)=1.25
-0.00181197299379954	1	896	log2(tiles)=0.00 log10(pixels)=1.75
0.0413926851582249	3	897	log2(tiles)=0.00 log10(pixels)=1.00
-0.0687587626244128	1	898	log2(tiles)=1.00 log10(pixels)=1.75
-0.0779021420642825	1	899	log2(tiles)=2.00 log10(pixels)=1.75
-0.0969100130080565	1	900	log2(tiles)=1.50 log10(pixels)=2.00
0.0353298350107671	2	901	log2(tiles)=1.00 log10(pixels)=1.75
0.012837224705172	5	902	log2(tiles)=0.00 log10(pixels)=2.00
-0.0528419686577808	6	903	log2(tiles)=0.00 log10(pixels)=1.50
-0.085026652029182	4	904	log2(tiles)=0.00 log10(pixels)=1.50
0.0208520116421442	1	905	log2(tiles)=0.00 log10(pixels)=1.75
-0.0195510786217261	7	906	log2(tiles)=0.00 log10(pixels)=1.25
-0.123659632624958	1	907	log2(tiles)=2.00 log10(pixels)=2.75
0.111727836017593	2	908	log2(tiles)=1.00 log10(pixels)=1.25
-0.0739087409443187	7	909	log2(tiles)=0.00 log10(pixels)=1.25
0.0760748027008265	1	910	log2(tiles)=1.00 log10(pixels)=1.75
-0.0195510786217261	8	911	log2(tiles)=0.00 log10(pixels)=1.25
-0.0404849854573692	2	912	log2(tiles)=1.00 log10(pixels)=2.25
-0.0457574905606751	4	913	log2(tiles)=0.00 log10(pixels)=1.00
0.0510299956639813	4	914	log2(tiles)=0.00 log10(pixels)=1.25
-0.00863830616572736	6	915	log2(tiles)=0.00 log10(pixels)=1.50
-0.102059991327962	2	916	log2(tiles)=1.00 log10(pixels)=1.50
-0.0195510786217261	9	917	log2(tiles)=0.00 log10(pixels)=1.25
-0.0739087409443187	8	918	log2(tiles)=0.00 log10(pixels)=1.25
-0.0686362358410126	6	919	log2(tiles)=0.00 log10(pixels)=1.50
-0.10790539730952	2	920	log2(tiles)=1.00 log10(pixels)=2.00
-0.00863830616572736	7	921	log2(tiles)=0.00 log10(pixels)=1.50
-0.0739087409443187	9	922	log2(tiles)=0.00 log10(pixels)=1.25
-0.0132282657337552	2	923	log2(tiles)=1.00 log10(pixels)=2.00
0.0510299956639813	1	924	log2(tiles)=1.00 log10(pixels)=1.25
0.0413926851582249	4	925	log2(tiles)=0.00 log10(pixels)=1.00
-0.0739087409443187	10	926	log2(tiles)=0.00 log10(pixels)=1.25
-0.0195510786217261	10	927	log2(tiles)=0.00 log10(pixels)=1.25
-0.0779021420642825	5	928	log2(tiles)=0.00 log10(pixels)=1.75
0.00587485567249146	1	929	log2(tiles)=1.50 log10(pixels)=1.75
0.0287536009528289	2	930	log2(tiles)=0.00 log10(pixels)=1.25
-0.0228787452803376	1	931	log2(tiles)=1.00 log10(pixels)=1.50
0.113943352306837	3	932	log2(tiles)=0.00 log10(pixels)=1.00
-0.105548319173784	1	933	log2(tiles)=2.00 log10(pixels)=2.50
-0.102059991327962	3	934	log2(tiles)=0.00 log10(pixels)=1.50
0.021841606536499	2	935	log2(tiles)=1.50 log10(pixels)=2.25
-0.0686362358410126	2	936	log2(tiles)=1.00 log10(pixels)=1.50
0.0950980400142568	2	937	log2(tiles)=0.00 log10(pixels)=0.75
0.110589710299249	4	938	log2(tiles)=0.00 log10(pixels)=2.00
0.0124510897304293	1	939	log2(tiles)=1.00 log10(pixels)=2.25
-0.0739087409443187	2	940	log2(tiles)=1.00 log10(pixels)=1.25
0.0287536009528289	3	941	log2(tiles)=0.00 log10(pixels)=1.25
0.0453229787866576	1	942	log2(tiles)=1.50 log10(pixels)=2.00
-0.0969100130080565	2	943	log2(tiles)=0.00 log10(pixels)=2.00
-0.102059991327962	3	944	log2(tiles)=1.00 log10(pixels)=1.50
-0.0757207139381184	4	945	log2(tiles)=0.00 log10(pixels)=2.00
-0.122895201635192	1	946	log2(tiles)=2.00 log10(pixels)=2.25
0.0760748027008265	5	947	log2(tiles)=0.00 log10(pixels)=1.75
-0.119788758288394	5	948	log2(tiles)=0.00 log10(pixels)=1.50
-0.103871964321762	8	949	log2(tiles)=0.00 log10(pixels)=1.25
0.0493405494535817	1	950	log2(tiles)=0.00 log10(pixels)=1.75
-0.0622494371796121	1	951	log2(tiles)=1.00 log10(pixels)=2.50
-0.0739087409443187	11	952	log2(tiles)=0.00 log10(pixels)=1.25
-0.102059991327962	4	953	log2(tiles)=0.00 log10(pixels)=1.50
-0.0458800173440752	6	954	log2(tiles)=0.00 log10(pixels)=1.25
-0.0177287669604316	1	955	log2(tiles)=0.00 log10(pixels)=2.00
0.0924226808222062	1	956	log2(tiles)=1.00 log10(pixels)=1.25
0.0563025007672873	5	957	log2(tiles)=0.00 log10(pixels)=1.50
0.123249290397901	3	958	log2(tiles)=0.00 log10(pixels)=1.50
-0.0958256317158366	1	959	log2(tiles)=1.00 log10(pixels)=3.00
0.0510299956639813	2	960	log2(tiles)=1.00 log10(pixels)=1.25
0.113943352306837	4	961	log2(tiles)=0.00 log10(pixels)=1.00
0.0353298350107671	3	962	log2(tiles)=1.00 log10(pixels)=1.75
0.0423916894982539	3	963	log2(tiles)=0.00 log10(pixels)=1.75
0.00860017176191752	3	964	log2(tiles)=1.00 log10(pixels)=2.00
0.0943922736851106	2	965	log2(tiles)=1.00 log10(pixels)=2.25
0.0510299956639813	5	966	log2(tiles)=0.00 log10(pixels)=1.25
0.0287536009528289	1	967	log2(tiles)=2.00 log10(pixels)=1.25
0	1	968	log2(tiles)=1.00 log10(pixels)=1.00
0.111727836017593	7	969	log2(tiles)=0.00 log10(pixels)=1.25
0.107209969647868	1	970	log2(tiles)=2.00 log10(pixels)=2.00
0.119231719730976	2	971	log2(tiles)=0.00 log10(pixels)=1.75
-0.085026652029182	1	972	log2(tiles)=1.00 log10(pixels)=1.50
-0.0462403082667713	1	973	log2(tiles)=2.00 log10(pixels)=3.00
-0.116531544420413	1	974	log2(tiles)=1.00 log10(pixels)=1.75
-0.102059991327962	4	975	log2(tiles)=1.00 log10(pixels)=1.50
-0.0969100130080565	2	976	log2(tiles)=0.00 log10(pixels)=1.00
-0.0872421683184259	5	977	log2(tiles)=0.00 log10(pixels)=1.75
-0.0376020021010439	1	978	log2(tiles)=1.00 log10(pixels)=1.50
-0.0969100130080565	3	979	log2(tiles)=0.00 log10(pixels)=1.00
0.0718820073061255	1	980	log2(tiles)=1.50 log10(pixels)=2.00
0.0825089127062364	5	981	log2(tiles)=0.00 log10(pixels)=1.75
-0.0686362358410126	3	982	log2(tiles)=1.00 log10(pixels)=1.50
0.0797835966168101	1	983	log2(tiles)=1.00 log10(pixels)=1.50
-0.0222763947111522	1	984	log2(tiles)=0.00 log10(pixels)=2.00
0.111727836017593	8	985	log2(tiles)=0.00 log10(pixels)=1.25
0.0722192947339193	1	986	log2(tiles)=1.00 log10(pixels)=1.25
-0.0739087409443187	12	987	log2(tiles)=0.00 log10(pixels)=1.25
-0.0228787452803376	7	988	log2(tiles)=0.00 log10(pixels)=1.50
-0.0376020021010439	6	989	log2(tiles)=0.00 log10(pixels)=1.50
-0.0424298239020637	2	990	log2(tiles)=1.00 log10(pixels)=1.75
0.110589710299249	5	991	log2(tiles)=0.00 log10(pixels)=2.00
0.0561799739838871	2	992	log2(tiles)=0.00 log10(pixels)=1.75
-0.00863830616572736	8	993	log2(tiles)=0.00 log10(pixels)=1.50
0.0797835966168101	6	994	log2(tiles)=0.00 log10(pixels)=1.50
-0.0458800173440752	7	995	log2(tiles)=0.00 log10(pixels)=1.25
0.0563025007672873	6	996	log2(tiles)=0.00 log10(pixels)=1.50
-0.106547323513813	3	997	log2(tiles)=1.00 log10(pixels)=1.75
-0.0458800173440752	8	998	log2(tiles)=0.00 log10(pixels)=1.25
0.0563025007672873	7	999	log2(tiles)=0.00 log10(pixels)=1.50
0.0606978403536118	2	1000	log2(tiles)=0.00 log10(pixels)=2.00
-0.0686362358410126	4	1001	log2(tiles)=1.00 log10(pixels)=1.50
0.0888490907372552	2	1002	log2(tiles)=1.00 log10(pixels)=1.75
-0.0228787452803376	8	1003	log2(tiles)=0.00 log10(pixels)=1.50
0.021841606536499	3	1004	log2(tiles)=1.50 log10(pixels)=2.25
0.0510299956639813	6	1005	log2(tiles)=0.00 log10(pixels)=1.25
-0.0969100130080565	4	1006	log2(tiles)=0.00 log10(pixels)=1.00
-0.0779021420642825	6	1007	log2(tiles)=0.00 log10(pixels)=1.75
0.0934216851622351	1	1008	log2(tiles)=0.00 log10(pixels)=2.00
0.0208520116421442	2	1009	log2(tiles)=0.00 log10(pixels)=1.75
0.0134279935629373	3	1010	log2(tiles)=0.00 log10(pixels)=1.75
0.104913022307855	1	1011	log2(tiles)=1.00 log10(pixels)=2.75
-0.00744648216786459	1	1012	log2(tiles)=1.00 log10(pixels)=3.00
-0.0458800173440752	9	1013	log2(tiles)=0.00 log10(pixels)=1.25
0.119231719730976	3	1014	log2(tiles)=0.00 log10(pixels)=1.75
0	3	1015	log2(tiles)=0.00 log10(pixels)=1.00
-0.0624792791635369	2	1016	log2(tiles)=1.00 log10(pixels)=2.25
-0.0510299956639813	5	1017	log2(tiles)=0.00 log10(pixels)=1.75
-0.0339966563652008	2	1018	log2(tiles)=1.00 log10(pixels)=1.75
0.0281512503836436	2	1019	log2(tiles)=0.00 log10(pixels)=0.75
0.0510299956639813	7	1020	log2(tiles)=0.00 log10(pixels)=1.25
0.0969100130080562	1	1021	log2(tiles)=0.00 log10(pixels)=2.00
-0.00963731050575611	2	1022	log2(tiles)=1.00 log10(pixels)=1.75
0.123249290397901	5	1023	log2(tiles)=1.00 log10(pixels)=1.50
0.100370545117563	3	1024	log2(tiles)=0.00 log10(pixels)=2.00
0.0791812460476249	4	1025	log2(tiles)=0.00 log10(pixels)=1.00
0.0722192947339193	5	1026	log2(tiles)=0.00 log10(pixels)=1.25
0.0950980400142568	3	1027	log2(tiles)=0.00 log10(pixels)=0.75
0.0287536009528289	4	1028	log2(tiles)=0.00 log10(pixels)=1.25
-0.0376020021010439	7	1029	log2(tiles)=0.00 log10(pixels)=1.50
0.112783856719735	1	1030	log2(tiles)=0.00 log10(pixels)=1.50
-0.0195510786217261	11	1031	log2(tiles)=0.00 log10(pixels)=1.25
-0.085026652029182	5	1032	log2(tiles)=0.00 log10(pixels)=1.50
0.0791812460476249	1	1033	log2(tiles)=1.00 log10(pixels)=1.00
0.124748346010104	1	1034	log2(tiles)=1.00 log10(pixels)=2.25
0.0793037728310249	1	1035	log2(tiles)=1.00 log10(pixels)=2.75
0.0493405494535817	2	1036	log2(tiles)=0.00 log10(pixels)=1.75
0.0171717284030137	1	1037	log2(tiles)=1.00 log10(pixels)=2.25
0.0924226808222062	6	1038	log2(tiles)=0.00 log10(pixels)=1.25
0.0281512503836436	1	1039	log2(tiles)=1.00 log10(pixels)=1.75
-0.0969100130080565	5	1040	log2(tiles)=0.00 log10(pixels)=1.00
0.00860017176191752	3	1041	log2(tiles)=0.00 log10(pixels)=2.00
-0.119788758288394	3	1042	log2(tiles)=1.00 log10(pixels)=1.50
0.00514997831990605	4	1043	log2(tiles)=0.00 log10(pixels)=1.50
0.0722192947339193	6	1044	log2(tiles)=0.00 log10(pixels)=1.25
-0.0528419686577808	7	1045	log2(tiles)=0.00 log10(pixels)=1.50
-0.0376020021010439	8	1046	log2(tiles)=0.00 log10(pixels)=1.50
-0.0458800173440752	10	1047	log2(tiles)=0.00 log10(pixels)=1.25
0.111727836017593	9	1048	log2(tiles)=0.00 log10(pixels)=1.25
0.0134279935629373	2	1049	log2(tiles)=1.00 log10(pixels)=1.75
-0.106547323513813	6	1050	log2(tiles)=0.00 log10(pixels)=1.75
0.0413926851582249	5	1051	log2(tiles)=0.00 log10(pixels)=1.00
0.0440680443502757	5	1052	log2(tiles)=0.00 log10(pixels)=1.50
-0.0528419686577808	3	1053	log2(tiles)=1.00 log10(pixels)=1.50
0.0561799739838871	1	1054	log2(tiles)=1.00 log10(pixels)=1.75
0.0791812460476249	5	1055	log2(tiles)=0.00 log10(pixels)=1.00
-0.0257241303992108	3	1056	log2(tiles)=0.00 log10(pixels)=1.75
-0.0571530807227698	1	1057	log2(tiles)=0.00 log10(pixels)=2.75
0.0281512503836436	2	1058	log2(tiles)=1.00 log10(pixels)=1.75
-0.0195510786217261	12	1059	log2(tiles)=0.00 log10(pixels)=1.25
0.0820633629117089	1	1060	log2(tiles)=1.00 log10(pixels)=2.50
-0.0176062401770314	8	1061	log2(tiles)=0.00 log10(pixels)=1.75
0.0950980400142569	2	1062	log2(tiles)=0.00 log10(pixels)=1.75
0.0950980400142568	4	1063	log2(tiles)=0.00 log10(pixels)=0.75
-0.0967874862246563	5	1064	log2(tiles)=0.00 log10(pixels)=1.75
-0.0458800173440752	11	1065	log2(tiles)=0.00 log10(pixels)=1.25
-0.102059991327962	5	1066	log2(tiles)=0.00 log10(pixels)=1.50
-0.0705810742857072	1	1067	log2(tiles)=1.00 log10(pixels)=2.00
-0.116531544420413	3	1068	log2(tiles)=0.00 log10(pixels)=1.75
-0.0458800173440752	12	1069	log2(tiles)=0.00 log10(pixels)=1.25
-0.0376020021010439	9	1070	log2(tiles)=0.00 log10(pixels)=1.50
0.0413926851582249	6	1071	log2(tiles)=0.00 log10(pixels)=1.00
0.0950980400142568	5	1072	log2(tiles)=0.00 log10(pixels)=0.75
0.0440680443502757	2	1073	log2(tiles)=1.00 log10(pixels)=1.50
-0.0686362358410126	7	1074	log2(tiles)=0.00 log10(pixels)=1.50
0.0281512503836436	3	1075	log2(tiles)=0.00 log10(pixels)=0.75
-0.00963731050575611	3	1076	log2(tiles)=0.00 log10(pixels)=1.75
-0.0969100130080565	6	1077	log2(tiles)=0.00 log10(pixels)=1.00
-0.0686362358410126	5	1078	log2(tiles)=1.00 log10(pixels)=1.50
0.111727836017593	10	1079	log2(tiles)=0.00 log10(pixels)=1.25
0.0440680443502757	3	1080	log2(tiles)=1.00 log10(pixels)=1.50
0.0353298350107671	4	1081	log2(tiles)=1.00 log10(pixels)=1.75
-0.103871964321762	9	1082	log2(tiles)=0.00 log10(pixels)=1.25
-0.0510299956639812	1	1083	log2(tiles)=0.00 log10(pixels)=0.75
0.113943352306837	5	1084	log2(tiles)=0.00 log10(pixels)=1.00
0.0111758131557314	1	1085	log2(tiles)=1.00 log10(pixels)=2.75
0.0563025007672873	8	1086	log2(tiles)=0.00 log10(pixels)=1.50
0.0287536009528289	5	1087	log2(tiles)=0.00 log10(pixels)=1.25
-0.085026652029182	6	1088	log2(tiles)=0.00 log10(pixels)=1.50
0.0314789170422551	2	1089	log2(tiles)=1.00 log10(pixels)=1.50
-0.106547323513813	7	1090	log2(tiles)=0.00 log10(pixels)=1.75
0.0910646070264991	1	1091	log2(tiles)=1.00 log10(pixels)=1.50
-0.0458800173440752	1	1092	log2(tiles)=1.00 log10(pixels)=1.25
0.0791812460476249	6	1093	log2(tiles)=0.00 log10(pixels)=1.00
-0.102059991327962	6	1094	log2(tiles)=0.00 log10(pixels)=1.50
-0.0687587626244128	2	1095	log2(tiles)=1.00 log10(pixels)=1.75
-0.0195510786217261	13	1096	log2(tiles)=0.00 log10(pixels)=1.25
0.0563025007672873	1	1097	log2(tiles)=1.00 log10(pixels)=1.50
0.0910646070264991	6	1098	log2(tiles)=0.00 log10(pixels)=1.50
-0.0486028756795487	3	1099	log2(tiles)=0.00 log10(pixels)=2.25
0.0314789170422551	3	1100	log2(tiles)=1.00 log10(pixels)=1.50
0.107332496431269	2	1101	log2(tiles)=0.00 log10(pixels)=1.75
0.0791812460476249	7	1102	log2(tiles)=0.00 log10(pixels)=1.00
-0.0228787452803376	1	1103	log2(tiles)=0.00 log10(pixels)=0.50
-0.102059991327962	7	1104	log2(tiles)=0.00 log10(pixels)=1.50
-0.103871964321762	10	1105	log2(tiles)=0.00 log10(pixels)=1.25
-0.0528419686577808	8	1106	log2(tiles)=0.00 log10(pixels)=1.50
-0.085026652029182	2	1107	log2(tiles)=1.00 log10(pixels)=1.50
0.0638672203691533	1	1108	log2(tiles)=1.00 log10(pixels)=2.25
0.0185139398778875	3	1109	log2(tiles)=1.00 log10(pixels)=1.50
-0.00863830616572736	1	1110	log2(tiles)=2.00 log10(pixels)=1.50
0.0924226808222062	7	1111	log2(tiles)=0.00 log10(pixels)=1.25
0.080413773349191	2	1112	log2(tiles)=0.00 log10(pixels)=2.25
0.0864597338485296	1	1113	log2(tiles)=1.00 log10(pixels)=2.25
0.0510299956639813	8	1114	log2(tiles)=0.00 log10(pixels)=1.25
0.0563025007672873	2	1115	log2(tiles)=1.00 log10(pixels)=1.50
-0.0915149811213503	2	1116	log2(tiles)=0.00 log10(pixels)=2.00
0.0825089127062364	6	1117	log2(tiles)=0.00 log10(pixels)=1.75
-0.0458800173440752	2	1118	log2(tiles)=1.00 log10(pixels)=1.25
0.00527250510330601	2	1119	log2(tiles)=0.00 log10(pixels)=1.25
-0.102059991327962	8	1120	log2(tiles)=0.00 log10(pixels)=1.50
0.0493405494535817	2	1121	log2(tiles)=1.00 log10(pixels)=1.75
0.00514997831990605	5	1122	log2(tiles)=0.00 log10(pixels)=1.50
-0.0967874862246563	6	1123	log2(tiles)=0.00 log10(pixels)=1.75
-0.0228787452803376	9	1124	log2(tiles)=0.00 log10(pixels)=1.50
-0.0915149811213503	3	1125	log2(tiles)=0.00 log10(pixels)=2.00
-0.00181197299379954	1	1126	log2(tiles)=1.00 log10(pixels)=1.75
0.113943352306837	6	1127	log2(tiles)=0.00 log10(pixels)=1.00
0.00514997831990605	6	1128	log2(tiles)=0.00 log10(pixels)=1.50
-0.0969100130080565	7	1129	log2(tiles)=0.00 log10(pixels)=1.00
-0.0543957967264026	1	1130	log2(tiles)=0.00 log10(pixels)=2.50
0.0510299956639813	9	1131	log2(tiles)=0.00 log10(pixels)=1.25
-0.0510299956639812	2	1132	log2(tiles)=0.00 log10(pixels)=0.75
-0.119788758288394	4	1133	log2(tiles)=1.00 log10(pixels)=1.50
-0.0176062401770314	9	1134	log2(tiles)=0.00 log10(pixels)=1.75
-0.0376020021010439	10	1135	log2(tiles)=0.00 log10(pixels)=1.50
0.0314789170422551	4	1136	log2(tiles)=0.00 log10(pixels)=1.50
-0.119788758288394	5	1137	log2(tiles)=1.00 log10(pixels)=1.50
0.0924226808222062	8	1138	log2(tiles)=0.00 log10(pixels)=1.25
-0.0969100130080565	8	1139	log2(tiles)=0.00 log10(pixels)=1.00
-0.102059991327962	5	1140	log2(tiles)=1.00 log10(pixels)=1.50
0.0314789170422551	5	1141	log2(tiles)=0.00 log10(pixels)=1.50
-0.124687549038326	1	1142	log2(tiles)=2.00 log10(pixels)=2.75
0.00527250510330601	3	1143	log2(tiles)=0.00 log10(pixels)=1.25
0.0287536009528289	6	1144	log2(tiles)=0.00 log10(pixels)=1.25
-0.0528419686577808	4	1145	log2(tiles)=1.00 log10(pixels)=1.50
-0.102372908709559	4	1146	log2(tiles)=0.00 log10(pixels)=2.00
-0.0757207139381184	5	1147	log2(tiles)=0.00 log10(pixels)=2.00
-0.0739087409443187	13	1148	log2(tiles)=0.00 log10(pixels)=1.25
0.0510299956639813	10	1149	log2(tiles)=0.00 log10(pixels)=1.25
0.111727836017593	3	1150	log2(tiles)=1.00 log10(pixels)=1.25
-0.119788758288394	6	1151	log2(tiles)=0.00 log10(pixels)=1.50
0.0263392773898441	1	1152	log2(tiles)=1.00 log10(pixels)=2.50
0.0969100130080562	2	1153	log2(tiles)=0.00 log10(pixels)=2.00
-0.0528419686577808	9	1154	log2(tiles)=0.00 log10(pixels)=1.50
-0.102372908709559	5	1155	log2(tiles)=0.00 log10(pixels)=2.00
0.0314789170422551	6	1156	log2(tiles)=0.00 log10(pixels)=1.50
0.0563025007672873	9	1157	log2(tiles)=0.00 log10(pixels)=1.50
0.0899051114393981	2	1158	log2(tiles)=0.00 log10(pixels)=2.00
-0.0969100130080565	9	1159	log2(tiles)=0.00 log10(pixels)=1.00
-0.0457574905606751	1	1160	log2(tiles)=1.00 log10(pixels)=1.00
-0.0969100130080565	1	1161	log2(tiles)=1.00 log10(pixels)=1.00
0.0563025007672873	10	1162	log2(tiles)=0.00 log10(pixels)=1.50
0.0606978403536118	3	1163	log2(tiles)=0.00 log10(pixels)=2.00
0.113322860120456	3	1164	log2(tiles)=0.00 log10(pixels)=1.75
0.0314789170422551	7	1165	log2(tiles)=0.00 log10(pixels)=1.50
0.00527250510330601	2	1166	log2(tiles)=1.00 log10(pixels)=1.25
0.0797835966168101	7	1167	log2(tiles)=0.00 log10(pixels)=1.50
-0.085026652029182	7	1168	log2(tiles)=0.00 log10(pixels)=1.50
0.0510299956639813	11	1169	log2(tiles)=0.00 log10(pixels)=1.25
-0.085026652029182	8	1170	log2(tiles)=0.00 log10(pixels)=1.50
-0.0257241303992108	4	1171	log2(tiles)=1.00 log10(pixels)=1.75
0.0791812460476249	8	1172	log2(tiles)=0.00 log10(pixels)=1.00
0.0910646070264991	7	1173	log2(tiles)=0.00 log10(pixels)=1.50
0.0722192947339193	7	1174	log2(tiles)=0.00 log10(pixels)=1.25
0.0910646070264991	2	1175	log2(tiles)=1.00 log10(pixels)=1.50
0.0510299956639813	12	1176	log2(tiles)=0.00 log10(pixels)=1.25
-0.106547323513813	1	1177	log2(tiles)=2.00 log10(pixels)=1.75
0	1	1178	log2(tiles)=0.00 log10(pixels)=0.00
0.0124510897304293	1	1179	log2(tiles)=1.50 log10(pixels)=2.25
-0.106547323513813	8	1180	log2(tiles)=0.00 log10(pixels)=1.75
-0.0739087409443187	3	1181	log2(tiles)=1.00 log10(pixels)=1.25
-0.0376020021010439	11	1182	log2(tiles)=0.00 log10(pixels)=1.50
0.0791812460476249	9	1183	log2(tiles)=0.00 log10(pixels)=1.00
0.00527250510330601	3	1184	log2(tiles)=1.00 log10(pixels)=1.25
0.0910646070264991	3	1185	log2(tiles)=1.00 log10(pixels)=1.50
0.111727836017593	11	1186	log2(tiles)=0.00 log10(pixels)=1.25
-0.0739087409443187	14	1187	log2(tiles)=0.00 log10(pixels)=1.25
0.068201724066995	2	1188	log2(tiles)=0.00 log10(pixels)=1.50
-0.0458800173440752	13	1189	log2(tiles)=0.00 log10(pixels)=1.25
-0.103871964321762	11	1190	log2(tiles)=0.00 log10(pixels)=1.25
0.0440680443502757	4	1191	log2(tiles)=1.00 log10(pixels)=1.50
-0.0686362358410126	8	1192	log2(tiles)=0.00 log10(pixels)=1.50
0.0170333392987803	2	1193	log2(tiles)=1.00 log10(pixels)=2.00
0.113322860120456	4	1194	log2(tiles)=0.00 log10(pixels)=1.75
0.113943352306837	7	1195	log2(tiles)=0.00 log10(pixels)=1.00
0.0413926851582249	7	1196	log2(tiles)=0.00 log10(pixels)=1.00
0.0760748027008265	6	1197	log2(tiles)=0.00 log10(pixels)=1.75
-0.0228787452803376	1	1198	log2(tiles)=2.00 log10(pixels)=1.50
0.0314789170422551	8	1199	log2(tiles)=0.00 log10(pixels)=1.50
0.068201724066995	3	1200	log2(tiles)=0.00 log10(pixels)=1.50
-0.0195510786217261	14	1201	log2(tiles)=0.00 log10(pixels)=1.25
-0.00181197299379954	2	1202	log2(tiles)=1.00 log10(pixels)=1.75
0.107332496431269	2	1203	log2(tiles)=1.00 log10(pixels)=1.75
0.075546961392531	1	1204	log2(tiles)=1.00 log10(pixels)=2.00
0.111727836017593	4	1205	log2(tiles)=1.00 log10(pixels)=1.25
0.0563025007672873	3	1206	log2(tiles)=1.00 log10(pixels)=1.50
0.0924226808222062	9	1207	log2(tiles)=0.00 log10(pixels)=1.25
0	2	1208	log2(tiles)=0.00 log10(pixels)=0.00
0.113943352306837	2	1209	log2(tiles)=1.00 log10(pixels)=1.00
-0.0739087409443187	15	1210	log2(tiles)=0.00 log10(pixels)=1.25
-0.1249387366083	1	1211	log2(tiles)=1.00 log10(pixels)=2.00
0.102059991327962	1	1212	log2(tiles)=0.00 log10(pixels)=0.50
0.0208520116421442	3	1213	log2(tiles)=0.00 log10(pixels)=1.75
-0.113279432843593	2	1214	log2(tiles)=0.00 log10(pixels)=2.25
0.0681858617461617	1	1215	log2(tiles)=1.00 log10(pixels)=2.00
0.0722192947339193	2	1216	log2(tiles)=1.00 log10(pixels)=1.25
0.0185139398778875	8	1217	log2(tiles)=0.00 log10(pixels)=1.50
-0.103871964321762	12	1218	log2(tiles)=0.00 log10(pixels)=1.25
-0.0528419686577808	10	1219	log2(tiles)=0.00 log10(pixels)=1.50
0.00514997831990605	7	1220	log2(tiles)=0.00 log10(pixels)=1.50
-0.0967874862246563	7	1221	log2(tiles)=0.00 log10(pixels)=1.75
0.0281512503836436	1	1222	log2(tiles)=0.00 log10(pixels)=1.75
-0.00963731050575611	4	1223	log2(tiles)=0.00 log10(pixels)=1.75
-0.106547323513813	9	1224	log2(tiles)=0.00 log10(pixels)=1.75
-0.0265443279648143	1	1225	log2(tiles)=1.00 log10(pixels)=2.75
0.113943352306837	8	1226	log2(tiles)=0.00 log10(pixels)=1.00
-0.0739087409443187	4	1227	log2(tiles)=1.00 log10(pixels)=1.25
0.0215874808812555	1	1228	log2(tiles)=1.50 log10(pixels)=2.75
0	4	1229	log2(tiles)=0.00 log10(pixels)=1.00
-0.031517051446065	1	1230	log2(tiles)=1.00 log10(pixels)=2.00
0.113322860120456	5	1231	log2(tiles)=0.00 log10(pixels)=1.75
-0.103871964321762	13	1232	log2(tiles)=0.00 log10(pixels)=1.25
-0.102059991327962	9	1233	log2(tiles)=0.00 log10(pixels)=1.50
-0.0510299956639813	1	1234	log2(tiles)=1.00 log10(pixels)=1.75
0.0924226808222062	2	1235	log2(tiles)=1.00 log10(pixels)=1.25
0.0791812460476249	10	1236	log2(tiles)=0.00 log10(pixels)=1.00
0.0561799739838871	2	1237	log2(tiles)=1.00 log10(pixels)=1.75
0.0293837776852097	4	1238	log2(tiles)=0.00 log10(pixels)=2.00
-0.103871964321762	14	1239	log2(tiles)=0.00 log10(pixels)=1.25
-0.0458800173440752	14	1240	log2(tiles)=0.00 log10(pixels)=1.25
-0.0528419686577808	5	1241	log2(tiles)=1.00 log10(pixels)=1.50
0.0924226808222062	10	1242	log2(tiles)=0.00 log10(pixels)=1.25
-0.0872421683184259	6	1243	log2(tiles)=0.00 log10(pixels)=1.75
0.0510299956639813	13	1244	log2(tiles)=0.00 log10(pixels)=1.25
0.107332496431269	3	1245	log2(tiles)=1.00 log10(pixels)=1.75
-0.0510299956639812	3	1246	log2(tiles)=0.00 log10(pixels)=0.75
0.0563025007672873	11	1247	log2(tiles)=0.00 log10(pixels)=1.50
0.0314789170422551	9	1248	log2(tiles)=0.00 log10(pixels)=1.50
-0.0228787452803376	2	1249	log2(tiles)=1.00 log10(pixels)=1.50
0.0701462861110538	1	1250	log2(tiles)=1.00 log10(pixels)=2.25
-0.0767541260631921	1	1251	log2(tiles)=1.00 log10(pixels)=2.50
0.0924226808222062	2	1252	log2(tiles)=1.00 log10(pixels)=2.25
0.068201724066995	3	1253	log2(tiles)=1.00 log10(pixels)=1.50
-0.0739087409443187	16	1254	log2(tiles)=0.00 log10(pixels)=1.25
0.0493405494535817	3	1255	log2(tiles)=0.00 log10(pixels)=1.75
-0.10790539730952	3	1256	log2(tiles)=1.00 log10(pixels)=2.00
-0.0228787452803376	10	1257	log2(tiles)=0.00 log10(pixels)=1.50
0.0413926851582249	8	1258	log2(tiles)=0.00 log10(pixels)=1.00
0.068201724066995	4	1259	log2(tiles)=1.00 log10(pixels)=1.50
-0.00130484168834411	1	1260	log2(tiles)=1.00 log10(pixels)=3.00
0.0722192947339193	8	1261	log2(tiles)=0.00 log10(pixels)=1.25
0.0287536009528289	7	1262	log2(tiles)=0.00 log10(pixels)=1.25
-0.0458800173440752	15	1263	log2(tiles)=0.00 log10(pixels)=1.25
0.0722192947339193	9	1264	log2(tiles)=0.00 log10(pixels)=1.25
-0.0739087409443187	17	1265	log2(tiles)=0.00 log10(pixels)=1.25
0.0722192947339193	3	1266	log2(tiles)=1.00 log10(pixels)=1.25
0.068201724066995	4	1267	log2(tiles)=0.00 log10(pixels)=1.50
-0.10790539730952	5	1268	log2(tiles)=0.00 log10(pixels)=2.00
-0.085026652029182	9	1269	log2(tiles)=0.00 log10(pixels)=1.50
-0.0458800173440752	3	1270	log2(tiles)=1.00 log10(pixels)=1.25
-0.0458800173440752	4	1271	log2(tiles)=1.00 log10(pixels)=1.25
0.00514997831990605	8	1272	log2(tiles)=0.00 log10(pixels)=1.50
-0.0362121726544447	3	1273	log2(tiles)=0.00 log10(pixels)=2.00
-0.106547323513813	4	1274	log2(tiles)=1.00 log10(pixels)=1.75
0.0440680443502757	6	1275	log2(tiles)=0.00 log10(pixels)=1.50
-0.0969100130080565	2	1276	log2(tiles)=1.00 log10(pixels)=1.00
-0.0228787452803376	11	1277	log2(tiles)=0.00 log10(pixels)=1.50
0.0563025007672873	12	1278	log2(tiles)=0.00 log10(pixels)=1.50
-0.0195510786217261	15	1279	log2(tiles)=0.00 log10(pixels)=1.25
0.0510299956639813	14	1280	log2(tiles)=0.00 log10(pixels)=1.25
-0.085026652029182	10	1281	log2(tiles)=0.00 log10(pixels)=1.50
-0.0967874862246563	8	1282	log2(tiles)=0.00 log10(pixels)=1.75
-0.0457574905606751	2	1283	log2(tiles)=1.00 log10(pixels)=1.00
0.0910646070264991	8	1284	log2(tiles)=0.00 log10(pixels)=1.50
0.0596301674258988	1	1285	log2(tiles)=0.00 log10(pixels)=2.25
0.0185139398778875	4	1286	log2(tiles)=1.00 log10(pixels)=1.50
-0.0457574905606751	5	1287	log2(tiles)=0.00 log10(pixels)=1.00
0.113943352306837	9	1288	log2(tiles)=0.00 log10(pixels)=1.00
0.021841606536499	1	1289	log2(tiles)=1.00 log10(pixels)=2.25
0	5	1290	log2(tiles)=0.00 log10(pixels)=1.00
0.0791812460476249	11	1291	log2(tiles)=0.00 log10(pixels)=1.00
0.0950980400142568	2	1292	log2(tiles)=1.00 log10(pixels)=0.75
-0.102059991327962	10	1293	log2(tiles)=0.00 log10(pixels)=1.50
0.0293837776852097	5	1294	log2(tiles)=0.00 log10(pixels)=2.00
-0.0528419686577808	11	1295	log2(tiles)=0.00 log10(pixels)=1.50
-0.102372908709559	2	1296	log2(tiles)=1.00 log10(pixels)=2.00
-0.0872421683184259	3	1297	log2(tiles)=1.00 log10(pixels)=1.75
0.0722192947339193	10	1298	log2(tiles)=0.00 log10(pixels)=1.25
-0.0458800173440752	16	1299	log2(tiles)=0.00 log10(pixels)=1.25
-0.0967874862246563	9	1300	log2(tiles)=0.00 log10(pixels)=1.75
0.0910646070264991	9	1301	log2(tiles)=0.00 log10(pixels)=1.50
0.0722192947339193	1	1302	log2(tiles)=2.00 log10(pixels)=1.25
-0.0457574905606751	6	1303	log2(tiles)=0.00 log10(pixels)=1.00
0.0281512503836436	4	1304	log2(tiles)=0.00 log10(pixels)=0.75
0.0510299956639812	1	1305	log2(tiles)=0.00 log10(pixels)=0.25
0.111727836017593	12	1306	log2(tiles)=0.00 log10(pixels)=1.25
0.0791812460476249	12	1307	log2(tiles)=0.00 log10(pixels)=1.00
0.0314789170422551	10	1308	log2(tiles)=0.00 log10(pixels)=1.50
0.0797835966168101	8	1309	log2(tiles)=0.00 log10(pixels)=1.50
-0.106547323513813	10	1310	log2(tiles)=0.00 log10(pixels)=1.75
-0.102059991327962	11	1311	log2(tiles)=0.00 log10(pixels)=1.50
-0.0424298239020637	3	1312	log2(tiles)=0.00 log10(pixels)=1.75
-0.0228787452803376	12	1313	log2(tiles)=0.00 log10(pixels)=1.50
0.0563025007672873	13	1314	log2(tiles)=0.00 log10(pixels)=1.50
0.101258348719075	2	1315	log2(tiles)=0.00 log10(pixels)=1.75
0.0281512503836436	5	1316	log2(tiles)=0.00 log10(pixels)=0.75
-0.0915149811213503	2	1317	log2(tiles)=1.00 log10(pixels)=2.00
0.0413926851582249	2	1318	log2(tiles)=1.00 log10(pixels)=2.00
-0.0598039199714864	1	1319	log2(tiles)=1.00 log10(pixels)=1.75
-0.0176062401770314	2	1320	log2(tiles)=1.00 log10(pixels)=1.75
0.0791812460476249	13	1321	log2(tiles)=0.00 log10(pixels)=1.00
0.0413926851582249	2	1322	log2(tiles)=1.00 log10(pixels)=1.00
-0.0779021420642825	7	1323	log2(tiles)=0.00 log10(pixels)=1.75
0.0644579892269186	1	1324	log2(tiles)=0.00 log10(pixels)=2.00
-0.0686362358410126	9	1325	log2(tiles)=0.00 log10(pixels)=1.50
-0.0195510786217261	16	1326	log2(tiles)=0.00 log10(pixels)=1.25
