group	fill	clickSelects
2	#FFFFFF	35
3	#FFFFFF	35
4	#FFFFFF	4
5	#FFFFFF	4
6	#FFFFFF	4
7	#FFFFFF	35
8	#FFFFFF	35
9	#FFFFFF	35
10	#FFFFFF	4
11	#FFFFFF	4
12	#FFFFFF	35
13	#FFFFFF	35
14	#FFFFFF	35
15	#FFFFFF	35
16	#FFFFFF	35
17	#FFFFFF	276
18	#FFFFFF	35
19	#FFFFFF	35
20	#FFFFFF	35
21	#FFFFFF	35
22	#FFFFFF	35
23	#FFFFFF	35
24	#FFFFFF	35
25	#FFFFFF	4
26	#FFFFFF	35
27	#FFFFFF	35
28	#FFFFFF	35
29	#FFFFFF	35
30	#FFFFFF	35
31	#FFFFFF	35
32	#FFFFFF	35
33	#FFFFFF	35
34	#FFFFFF	35
35	#FFFFFF	35
36	#FFFFFF	4
37	#FFFFFF	35
38	#FFFFFF	35
39	#FFFFFF	35
41	#FFFFFF	35
42	#FFFFFF	4
43	#FFFFFF	35
44	#FFFFFF	4
45	#FFFFFF	4
46	#FFFFFF	4
47	#FFFFFF	4
48	#FFFFFF	4
49	#FFFFFF	4
50	#FFFFFF	4
51	#FFFFFF	35
52	#FFFFFF	35
54	#FFFFFF	4
55	#FFFFFF	4
56	#FFFFFF	4
57	#FFFFFF	35
58	#FFFFFF	35
59	#FFFFFF	35
60	#FFFFFF	4
61	#FFFFFF	4
62	#FFFFFF	35
63	#FFFFFF	35
64	#FFFFFF	35
65	#FFFFFF	35
66	#FFFFFF	35
67	#FFFFFF	276
68	#FFFFFF	276
69	#FFFFFF	35
70	#FFFFFF	35
71	#FFFFFF	35
72	#FFFFFF	35
73	#FFFFFF	35
74	#FFFFFF	35
75	#FFFFFF	35
76	#FFFFFF	35
77	#FFFFFF	35
78	#FFFFFF	35
79	#FFFFFF	35
80	#FFFFFF	35
81	#FFFFFF	35
82	#FFFFFF	35
83	#FFFFFF	35
84	#FFFFFF	35
85	#FFFFFF	35
86	#FFFFFF	4
87	#FFFFFF	35
88	#FFFFFF	35
89	#FFFFFF	35
90	#FFFFFF	35
91	#FFFFFF	35
92	#FFFFFF	35
94	#FFFFFF	35
95	#FFFFFF	4
96	#FFFFFF	4
97	#FFFFFF	4
98	#FFFFFF	4
99	#FFFFFF	4
100	#FFFFFF	4
101	#FFFFFF	4
102	#FFFFFF	35
103	#FFFFFF	35
105	#FFFFFF	4
106	#FFFFFF	4
107	#FFFFFF	4
108	#FFFFFF	35
109	#FFFFFF	35
110	#FFFFFF	35
111	#FFFFFF	35
112	#FFFFFF	35
113	#FFFFFF	35
114	#FFFFFF	35
115	#FFFFFF	35
116	#FFFFFF	35
117	#FFFFFF	276
118	#FFFFFF	276
119	#FFFFFF	276
120	#FFFFFF	276
121	#FFFFFF	35
122	#FFFFFF	35
123	#FFFFFF	35
124	#FFFFFF	35
125	#FFFFFF	35
126	#FFFFFF	35
127	#FFFFFF	35
128	#FFFFFF	35
129	#FFFFFF	35
130	#FFFFFF	35
131	#FFFFFF	35
133	#FFFFFF	35
134	#FFFFFF	35
135	#FFFFFF	35
136	#FFFFFF	35
137	#FFFFFF	4
138	#FFFFFF	35
139	#FFFFFF	35
141	#FFFFFF	35
142	#FFFFFF	35
143	#FFFFFF	35
144	#FFFFFF	4
145	#FFFFFF	35
146	#FFFFFF	4
147	#FFFFFF	4
148	#FFFFFF	4
149	#FFFFFF	4
150	#FFFFFF	4
151	#FFFFFF	4
153	#FFFFFF	35
154	#FFFFFF	35
155	#FFFFFF	35
156	#FFFFFF	35
157	#FFFFFF	35
158	#FFFFFF	35
159	#FFFFFF	35
160	#FFFFFF	35
161	#FFFFFF	35
162	#FFFFFF	35
163	#FFFFFF	35
164	#FFFFFF	35
165	#FFFFFF	35
166	#FFFFFF	35
167	#FFFFFF	35
168	#FFFFFF	35
169	#FFFFFF	35
170	#FFFFFF	35
171	#FFFFFF	35
172	#FFFFFF	35
173	#FFFFFF	35
174	#FFFFFF	276
175	#FFFFFF	276
176	#FFFFFF	35
177	#FFFFFF	276
178	#FFFFFF	276
179	#FFFFFF	276
180	#FFFFFF	276
181	#FFFFFF	35
182	#FFFFFF	35
183	#FFFFFF	35
184	#FFFFFF	35
185	#FFFFFF	35
186	#FFFFFF	35
187	#FFFFFF	915
188	#FFFFFF	35
190	#FFFFFF	35
191	#FFFFFF	35
192	#FFFFFF	35
193	#FFFFFF	35
194	#FFFFFF	35
195	#FFFFFF	35
196	#FFFFFF	35
197	#FFFFFF	35
201	#FFFFFF	35
202	#FFFFFF	35
204	#FFFFFF	35
205	#FFFFFF	35
206	#FFFFFF	35
207	#FFFFFF	35
208	#FFFFFF	35
209	#FFFFFF	35
210	#FFFFFF	35
211	#FFFFFF	35
212	#FFFFFF	35
213	#FFFFFF	35
214	#FFFFFF	35
215	#FFFFFF	35
216	#FFFFFF	35
217	#FFFFFF	35
218	#FFFFFF	35
219	#FFFFFF	35
220	#FFFFFF	35
221	#FFFFFF	35
222	#FFFFFF	35
223	#FFFFFF	35
224	#FFFFFF	276
225	#FFFFFF	276
226	#FFFFFF	276
227	#FFFFFF	915
228	#FFFFFF	276
229	#FFFFFF	276
230	#FFFFFF	276
231	#FFFFFF	276
232	#FFFFFF	35
233	#FFFFFF	35
234	#FFFFFF	35
235	#FFFFFF	35
236	#FFFFFF	35
237	#FFFFFF	35
238	#FFFFFF	915
239	#FFFFFF	35
240	#FFFFFF	35
241	#FFFFFF	35
242	#FFFFFF	35
243	#FFFFFF	35
244	#FFFFFF	35
245	#FFFFFF	35
246	#FFFFFF	35
247	#FFFFFF	35
250	#FFFFFF	915
251	#FFFFFF	35
252	#FFFFFF	35
255	#FFFFFF	35
256	#FFFFFF	35
258	#FFFFFF	35
259	#FFFFFF	35
260	#FFFFFF	35
261	#FFFFFF	35
262	#FFFFFF	35
263	#FFFFFF	35
264	#FFFFFF	35
265	#FFFFFF	35
266	#FFFFFF	35
267	#FFFFFF	35
268	#FFFFFF	35
269	#FFFFFF	35
270	#FFFFFF	35
271	#FFFFFF	35
272	#FFFFFF	35
273	#FFFFFF	35
274	#FFFFFF	276
275	#FFFFFF	35
276	#FFFFFF	276
277	#FFFFFF	35
278	#FFFFFF	276
279	#FFFFFF	35
280	#FFFFFF	276
281	#FFFFFF	276
282	#FFFFFF	35
283	#FFFFFF	35
284	#FFFFFF	35
285	#FFFFFF	35
286	#FFFFFF	35
287	#FFFFFF	35
288	#FFFFFF	915
289	#FFFFFF	35
290	#FFFFFF	35
291	#FFFFFF	35
292	#FFFFFF	35
293	#FFFFFF	35
294	#FFFFFF	35
295	#FFFFFF	35
296	#FFFFFF	35
297	#FFFFFF	35
298	#FFFFFF	35
299	#FFFFFF	915
300	#FFFFFF	35
303	#FFFFFF	35
306	#FFFFFF	35
307	#FFFFFF	915
308	#FFFFFF	35
309	#FFFFFF	35
310	#FFFFFF	35
311	#FFFFFF	35
312	#FFFFFF	35
313	#FFFFFF	35
314	#FFFFFF	35
315	#FFFFFF	35
316	#FFFFFF	35
317	#FFFFFF	35
318	#FFFFFF	35
319	#FFFFFF	35
320	#FFFFFF	35
321	#FFFFFF	35
322	#FFFFFF	35
323	#FFFFFF	35
324	#FFFFFF	35
325	#FFFFFF	35
326	#FFFFFF	276
327	#FFFFFF	35
328	#FFFFFF	35
329	#FFFFFF	35
330	#FFFFFF	35
331	#FFFFFF	35
332	#FFFFFF	35
333	#FFFFFF	35
334	#FFFFFF	35
335	#FFFFFF	35
336	#FFFFFF	35
337	#FFFFFF	35
338	#FFFFFF	35
341	#FFFFFF	35
342	#FFFFFF	35
343	#FFFFFF	35
344	#FFFFFF	35
345	#FFFFFF	35
346	#FFFFFF	35
347	#FFFFFF	618
348	#FFFFFF	35
353	#FFFFFF	915
357	#FFFFFF	915
358	#FFFFFF	915
359	#FFFFFF	35
360	#FFFFFF	35
361	#FFFFFF	35
362	#FFFFFF	35
363	#FFFFFF	35
364	#FFFFFF	35
365	#FFFFFF	35
366	#FFFFFF	35
368	#FFFFFF	35
369	#FFFFFF	35
370	#FFFFFF	35
371	#FFFFFF	35
372	#FFFFFF	35
373	#FFFFFF	35
374	#FFFFFF	35
375	#FFFFFF	35
376	#FFFFFF	35
377	#FFFFFF	35
378	#FFFFFF	35
379	#FFFFFF	35
380	#FFFFFF	35
381	#FFFFFF	35
382	#FFFFFF	35
383	#FFFFFF	35
384	#FFFFFF	35
385	#FFFFFF	35
386	#FFFFFF	35
387	#FFFFFF	35
388	#FFFFFF	35
389	#FFFFFF	35
390	#FFFFFF	35
392	#FFFFFF	35
393	#FFFFFF	35
394	#FFFFFF	35
395	#FFFFFF	35
396	#FFFFFF	35
397	#FFFFFF	35
398	#FFFFFF	618
399	#FFFFFF	35
401	#FFFFFF	915
403	#FFFFFF	35
409	#FFFFFF	35
410	#FFFFFF	35
411	#FFFFFF	35
412	#FFFFFF	35
413	#FFFFFF	35
414	#FFFFFF	35
415	#FFFFFF	35
416	#FFFFFF	35
417	#FFFFFF	35
418	#FFFFFF	35
419	#FFFFFF	35
420	#FFFFFF	35
421	#FFFFFF	35
422	#FFFFFF	35
423	#FFFFFF	35
424	#FFFFFF	35
425	#FFFFFF	35
426	#FFFFFF	35
427	#FFFFFF	35
428	#FFFFFF	35
429	#FFFFFF	35
430	#FFFFFF	35
431	#FFFFFF	35
432	#FFFFFF	35
433	#FFFFFF	35
434	#FFFFFF	35
435	#FFFFFF	35
436	#FFFFFF	35
437	#FFFFFF	35
438	#FFFFFF	35
439	#FFFFFF	105
440	#FFFFFF	35
441	#FFFFFF	35
442	#FFFFFF	35
443	#FFFFFF	35
444	#FFFFFF	35
445	#FFFFFF	35
446	#FFFFFF	35
447	#FFFFFF	35
448	#FFFFFF	618
449	#FFFFFF	618
450	#FFFFFF	915
451	#FFFFFF	35
452	#FFFFFF	4
454	#FFFFFF	915
459	#FFFFFF	35
460	#FFFFFF	35
461	#FFFFFF	35
462	#FFFFFF	35
463	#FFFFFF	35
464	#FFFFFF	35
465	#FFFFFF	35
466	#FFFFFF	35
467	#FFFFFF	35
469	#FFFFFF	35
470	#FFFFFF	35
471	#FFFFFF	35
472	#FFFFFF	35
473	#FFFFFF	35
474	#FFFFFF	35
475	#FFFFFF	35
476	#FFFFFF	35
477	#FFFFFF	35
478	#FFFFFF	35
479	#FFFFFF	35
480	#FFFFFF	35
481	#FFFFFF	35
482	#FFFFFF	35
483	#FFFFFF	105
484	#FFFFFF	35
485	#FFFFFF	35
486	#FFFFFF	35
487	#FFFFFF	35
488	#FFFFFF	35
490	#FFFFFF	35
491	#FFFFFF	35
492	#FFFFFF	105
493	#FFFFFF	35
495	#FFFFFF	35
496	#FFFFFF	35
497	#FFFFFF	618
498	#FFFFFF	618
499	#FFFFFF	35
500	#FFFFFF	35
501	#FFFFFF	35
503	#FFFFFF	35
510	#FFFFFF	35
511	#FFFFFF	35
512	#FFFFFF	35
513	#FFFFFF	35
514	#FFFFFF	35
515	#FFFFFF	35
516	#FFFFFF	35
517	#FFFFFF	35
518	#FFFFFF	35
519	#FFFFFF	35
520	#FFFFFF	35
521	#FFFFFF	35
522	#FFFFFF	35
523	#FFFFFF	35
524	#FFFFFF	35
525	#FFFFFF	35
526	#FFFFFF	35
527	#FFFFFF	35
528	#FFFFFF	35
529	#FFFFFF	35
531	#FFFFFF	35
532	#FFFFFF	35
533	#FFFFFF	105
534	#FFFFFF	35
535	#FFFFFF	35
536	#FFFFFF	35
537	#FFFFFF	35
538	#FFFFFF	35
539	#FFFFFF	105
541	#FFFFFF	35
542	#FFFFFF	35
543	#FFFFFF	105
544	#FFFFFF	35
545	#FFFFFF	35
546	#FFFFFF	35
547	#FFFFFF	618
548	#FFFFFF	618
549	#FFFFFF	618
550	#FFFFFF	35
551	#FFFFFF	35
552	#FFFFFF	35
553	#FFFFFF	915
555	#FFFFFF	915
556	#FFFFFF	4
559	#FFFFFF	35
561	#FFFFFF	35
562	#FFFFFF	35
563	#FFFFFF	35
564	#FFFFFF	35
565	#FFFFFF	35
566	#FFFFFF	35
567	#FFFFFF	35
568	#FFFFFF	35
570	#FFFFFF	35
571	#FFFFFF	35
572	#FFFFFF	35
573	#FFFFFF	35
574	#FFFFFF	35
575	#FFFFFF	35
576	#FFFFFF	35
577	#FFFFFF	35
578	#FFFFFF	35
579	#FFFFFF	35
580	#FFFFFF	4
581	#FFFFFF	105
582	#FFFFFF	105
583	#FFFFFF	105
584	#FFFFFF	35
585	#FFFFFF	35
586	#FFFFFF	35
587	#FFFFFF	35
588	#FFFFFF	35
589	#FFFFFF	105
590	#FFFFFF	35
591	#FFFFFF	35
592	#FFFFFF	35
593	#FFFFFF	105
594	#FFFFFF	105
595	#FFFFFF	618
596	#FFFFFF	35
598	#FFFFFF	35
599	#FFFFFF	618
600	#FFFFFF	35
601	#FFFFFF	35
602	#FFFFFF	35
603	#FFFFFF	35
605	#FFFFFF	4
607	#FFFFFF	4
611	#FFFFFF	35
612	#FFFFFF	35
613	#FFFFFF	35
614	#FFFFFF	35
615	#FFFFFF	35
616	#FFFFFF	35
617	#FFFFFF	35
618	#FFFFFF	35
619	#FFFFFF	35
621	#FFFFFF	35
622	#FFFFFF	35
623	#FFFFFF	35
624	#FFFFFF	35
625	#FFFFFF	35
626	#FFFFFF	35
627	#FFFFFF	35
628	#FFFFFF	35
629	#FFFFFF	35
630	#FFFFFF	35
632	#FFFFFF	105
633	#FFFFFF	105
634	#FFFFFF	105
635	#FFFFFF	35
636	#FFFFFF	35
637	#FFFFFF	35
638	#FFFFFF	35
639	#FFFFFF	35
640	#FFFFFF	105
641	#FFFFFF	105
643	#FFFFFF	105
644	#FFFFFF	105
645	#FFFFFF	105
648	#FFFFFF	35
649	#FFFFFF	35
650	#FFFFFF	618
651	#FFFFFF	35
652	#FFFFFF	35
653	#FFFFFF	915
655	#FFFFFF	915
656	#FFFFFF	4
657	#FFFFFF	35
658	#FFFFFF	4
663	#FFFFFF	35
664	#FFFFFF	35
665	#FFFFFF	35
666	#FFFFFF	35
667	#FFFFFF	35
668	#FFFFFF	35
669	#FFFFFF	35
671	#FFFFFF	35
672	#FFFFFF	35
673	#FFFFFF	35
674	#FFFFFF	35
675	#FFFFFF	35
676	#FFFFFF	35
677	#FFFFFF	35
678	#FFFFFF	35
679	#FFFFFF	35
680	#FFFFFF	35
681	#FFFFFF	4
682	#FFFFFF	105
683	#FFFFFF	105
684	#FFFFFF	105
685	#FFFFFF	35
686	#FFFFFF	35
687	#FFFFFF	105
688	#FFFFFF	105
689	#FFFFFF	35
690	#FFFFFF	105
691	#FFFFFF	105
693	#FFFFFF	105
694	#FFFFFF	105
695	#FFFFFF	105
697	#FFFFFF	618
698	#FFFFFF	35
699	#FFFFFF	35
700	#FFFFFF	35
701	#FFFFFF	35
702	#FFFFFF	35
703	#FFFFFF	4
704	#FFFFFF	35
705	#FFFFFF	4
707	#FFFFFF	35
708	#FFFFFF	35
709	#FFFFFF	4
710	#FFFFFF	4
713	#FFFFFF	35
714	#FFFFFF	35
715	#FFFFFF	35
717	#FFFFFF	35
718	#FFFFFF	35
719	#FFFFFF	35
720	#FFFFFF	35
722	#FFFFFF	35
723	#FFFFFF	35
724	#FFFFFF	35
725	#FFFFFF	35
726	#FFFFFF	35
727	#FFFFFF	35
728	#FFFFFF	35
729	#FFFFFF	35
730	#FFFFFF	35
731	#FFFFFF	35
733	#FFFFFF	35
734	#FFFFFF	35
735	#FFFFFF	105
736	#FFFFFF	35
737	#FFFFFF	105
738	#FFFFFF	105
739	#FFFFFF	35
740	#FFFFFF	105
741	#FFFFFF	105
742	#FFFFFF	105
744	#FFFFFF	105
745	#FFFFFF	105
746	#FFFFFF	105
748	#FFFFFF	618
749	#FFFFFF	618
750	#FFFFFF	35
751	#FFFFFF	35
752	#FFFFFF	35
753	#FFFFFF	4
754	#FFFFFF	4
755	#FFFFFF	915
756	#FFFFFF	35
757	#FFFFFF	4
758	#FFFFFF	35
759	#FFFFFF	35
760	#FFFFFF	4
761	#FFFFFF	35
763	#FFFFFF	35
765	#FFFFFF	35
766	#FFFFFF	35
767	#FFFFFF	35
768	#FFFFFF	35
769	#FFFFFF	35
770	#FFFFFF	35
772	#FFFFFF	35
773	#FFFFFF	35
774	#FFFFFF	35
775	#FFFFFF	35
776	#FFFFFF	35
777	#FFFFFF	35
778	#FFFFFF	35
779	#FFFFFF	35
780	#FFFFFF	35
781	#FFFFFF	35
783	#FFFFFF	35
784	#FFFFFF	35
785	#FFFFFF	35
786	#FFFFFF	105
787	#FFFFFF	105
788	#FFFFFF	105
789	#FFFFFF	105
790	#FFFFFF	35
791	#FFFFFF	105
792	#FFFFFF	105
794	#FFFFFF	105
795	#FFFFFF	105
796	#FFFFFF	105
797	#FFFFFF	618
798	#FFFFFF	105
800	#FFFFFF	618
801	#FFFFFF	35
802	#FFFFFF	35
803	#FFFFFF	35
806	#FFFFFF	4
807	#FFFFFF	4
808	#FFFFFF	4
809	#FFFFFF	35
810	#FFFFFF	35
811	#FFFFFF	4
812	#FFFFFF	35
813	#FFFFFF	4
816	#FFFFFF	35
817	#FFFFFF	35
819	#FFFFFF	4
820	#FFFFFF	4
821	#FFFFFF	35
823	#FFFFFF	35
824	#FFFFFF	35
825	#FFFFFF	35
826	#FFFFFF	35
827	#FFFFFF	35
828	#FFFFFF	35
829	#FFFFFF	35
830	#FFFFFF	35
831	#FFFFFF	35
832	#FFFFFF	35
834	#FFFFFF	35
835	#FFFFFF	35
836	#FFFFFF	105
837	#FFFFFF	105
838	#FFFFFF	105
839	#FFFFFF	105
840	#FFFFFF	105
841	#FFFFFF	105
842	#FFFFFF	105
843	#FFFFFF	105
845	#FFFFFF	105
846	#FFFFFF	105
847	#FFFFFF	105
848	#FFFFFF	618
849	#FFFFFF	618
850	#FFFFFF	35
851	#FFFFFF	618
852	#FFFFFF	35
853	#FFFFFF	35
855	#FFFFFF	4
856	#FFFFFF	4
857	#FFFFFF	4
858	#FFFFFF	35
859	#FFFFFF	35
860	#FFFFFF	35
861	#FFFFFF	35
862	#FFFFFF	35
867	#FFFFFF	4
868	#FFFFFF	35
870	#FFFFFF	4
871	#FFFFFF	35
872	#FFFFFF	35
873	#FFFFFF	35
874	#FFFFFF	35
875	#FFFFFF	35
876	#FFFFFF	35
877	#FFFFFF	35
878	#FFFFFF	35
879	#FFFFFF	35
880	#FFFFFF	35
881	#FFFFFF	35
882	#FFFFFF	35
884	#FFFFFF	35
885	#FFFFFF	35
886	#FFFFFF	35
887	#FFFFFF	105
888	#FFFFFF	105
889	#FFFFFF	105
890	#FFFFFF	105
891	#FFFFFF	105
892	#FFFFFF	105
893	#FFFFFF	105
895	#FFFFFF	105
896	#FFFFFF	105
897	#FFFFFF	105
898	#FFFFFF	618
899	#FFFFFF	618
900	#FFFFFF	618
901	#FFFFFF	35
902	#FFFFFF	618
903	#FFFFFF	618
904	#FFFFFF	35
908	#FFFFFF	4
909	#FFFFFF	35
910	#FFFFFF	4
911	#FFFFFF	35
912	#FFFFFF	35
914	#FFFFFF	35
916	#FFFFFF	35
918	#FFFFFF	4
919	#FFFFFF	35
921	#FFFFFF	4
922	#FFFFFF	35
923	#FFFFFF	35
924	#FFFFFF	35
925	#FFFFFF	35
926	#FFFFFF	35
927	#FFFFFF	35
928	#FFFFFF	35
929	#FFFFFF	35
930	#FFFFFF	35
931	#FFFFFF	35
932	#FFFFFF	35
933	#FFFFFF	35
935	#FFFFFF	35
936	#FFFFFF	35
937	#FFFFFF	35
938	#FFFFFF	105
939	#FFFFFF	105
940	#FFFFFF	105
941	#FFFFFF	105
942	#FFFFFF	105
943	#FFFFFF	105
944	#FFFFFF	105
946	#FFFFFF	105
947	#FFFFFF	105
948	#FFFFFF	105
949	#FFFFFF	618
950	#FFFFFF	618
951	#FFFFFF	35
952	#FFFFFF	35
953	#FFFFFF	618
957	#FFFFFF	4
958	#FFFFFF	4
959	#FFFFFF	35
960	#FFFFFF	4
961	#FFFFFF	4
962	#FFFFFF	4
963	#FFFFFF	35
966	#FFFFFF	4
968	#FFFFFF	4
969	#FFFFFF	4
970	#FFFFFF	4
971	#FFFFFF	35
972	#FFFFFF	35
973	#FFFFFF	35
974	#FFFFFF	35
975	#FFFFFF	35
976	#FFFFFF	35
977	#FFFFFF	35
978	#FFFFFF	35
979	#FFFFFF	35
980	#FFFFFF	35
981	#FFFFFF	35
982	#FFFFFF	35
983	#FFFFFF	35
984	#FFFFFF	4
985	#FFFFFF	35
986	#FFFFFF	35
987	#FFFFFF	35
988	#FFFFFF	35
989	#FFFFFF	35
990	#FFFFFF	105
991	#FFFFFF	105
992	#FFFFFF	105
993	#FFFFFF	105
994	#FFFFFF	105
996	#FFFFFF	105
997	#FFFFFF	105
998	#FFFFFF	105
999	#FFFFFF	618
1000	#FFFFFF	105
1001	#FFFFFF	35
1002	#FFFFFF	35
1003	#FFFFFF	35
1004	#FFFFFF	35
1005	#FFFFFF	35
1009	#FFFFFF	4
1010	#FFFFFF	35
1011	#FFFFFF	4
1012	#FFFFFF	4
1013	#FFFFFF	35
1014	#FFFFFF	35
1015	#FFFFFF	35
1017	#FFFFFF	4
1018	#FFFFFF	4
1019	#FFFFFF	4
1020	#FFFFFF	4
1021	#FFFFFF	4
1023	#FFFFFF	35
1024	#FFFFFF	4
1025	#FFFFFF	35
1026	#FFFFFF	35
1027	#FFFFFF	35
1028	#FFFFFF	35
1029	#FFFFFF	35
1030	#FFFFFF	35
1031	#FFFFFF	35
1032	#FFFFFF	35
1033	#FFFFFF	35
1034	#FFFFFF	35
1035	#FFFFFF	35
1036	#FFFFFF	35
1037	#FFFFFF	35
1038	#FFFFFF	35
1039	#FFFFFF	35
1040	#FFFFFF	105
1041	#FFFFFF	105
1042	#FFFFFF	105
1043	#FFFFFF	105
1044	#FFFFFF	105
1045	#FFFFFF	105
1046	#FFFFFF	35
1047	#FFFFFF	105
1048	#FFFFFF	105
1049	#FFFFFF	618
1050	#FFFFFF	105
1053	#FFFFFF	35
1054	#FFFFFF	35
1058	#FFFFFF	4
1059	#FFFFFF	4
1060	#FFFFFF	35
1061	#FFFFFF	4
1062	#FFFFFF	4
1063	#FFFFFF	4
1064	#FFFFFF	4
1065	#FFFFFF	4
1068	#FFFFFF	35
1069	#FFFFFF	4
1072	#FFFFFF	35
1073	#FFFFFF	35
1074	#FFFFFF	35
1075	#FFFFFF	35
1076	#FFFFFF	35
1077	#FFFFFF	35
1078	#FFFFFF	35
1079	#FFFFFF	35
1080	#FFFFFF	35
1081	#FFFFFF	35
1082	#FFFFFF	35
1083	#FFFFFF	35
1084	#FFFFFF	35
1085	#FFFFFF	35
1086	#FFFFFF	35
1087	#FFFFFF	35
1088	#FFFFFF	35
1089	#FFFFFF	35
1090	#FFFFFF	105
1091	#FFFFFF	105
1092	#FFFFFF	105
1093	#FFFFFF	105
1094	#FFFFFF	105
1095	#FFFFFF	105
1096	#FFFFFF	4
1097	#FFFFFF	105
1098	#FFFFFF	105
1099	#FFFFFF	105
1100	#FFFFFF	105
1101	#FFFFFF	35
1102	#FFFFFF	35
1103	#FFFFFF	35
1104	#FFFFFF	35
1105	#FFFFFF	35
1106	#FFFFFF	35
1111	#FFFFFF	4
1112	#FFFFFF	4
1113	#FFFFFF	4
1114	#FFFFFF	4
1115	#FFFFFF	4
1116	#FFFFFF	4
1118	#FFFFFF	35
1121	#FFFFFF	4
1123	#FFFFFF	4
1124	#FFFFFF	4
1125	#FFFFFF	35
1126	#FFFFFF	35
1127	#FFFFFF	35
1129	#FFFFFF	35
1130	#FFFFFF	35
1131	#FFFFFF	35
1132	#FFFFFF	35
1133	#FFFFFF	35
1134	#FFFFFF	35
1135	#FFFFFF	35
1136	#FFFFFF	35
1137	#FFFFFF	35
1138	#FFFFFF	35
1139	#FFFFFF	35
1140	#FFFFFF	35
1141	#FFFFFF	105
1142	#FFFFFF	105
1143	#FFFFFF	105
1144	#FFFFFF	105
1145	#FFFFFF	105
1146	#FFFFFF	105
1147	#FFFFFF	4
1148	#FFFFFF	105
1149	#FFFFFF	105
1150	#FFFFFF	105
1151	#FFFFFF	105
1152	#FFFFFF	35
1153	#FFFFFF	35
1154	#FFFFFF	35
1155	#FFFFFF	35
1156	#FFFFFF	35
1163	#FFFFFF	35
1164	#FFFFFF	35
1165	#FFFFFF	4
1166	#FFFFFF	4
1167	#FFFFFF	4
1168	#FFFFFF	4
1169	#FFFFFF	35
1170	#FFFFFF	35
1171	#FFFFFF	35
1172	#FFFFFF	35
1173	#FFFFFF	35
1174	#FFFFFF	35
1175	#FFFFFF	35
1176	#FFFFFF	35
1177	#FFFFFF	276
1178	#FFFFFF	276
1179	#FFFFFF	276
1180	#FFFFFF	276
1181	#FFFFFF	35
1182	#FFFFFF	35
1183	#FFFFFF	35
1184	#FFFFFF	35
1185	#FFFFFF	35
1186	#FFFFFF	35
1187	#FFFFFF	35
1188	#FFFFFF	35
1189	#FFFFFF	35
1190	#FFFFFF	35
1191	#FFFFFF	35
1192	#FFFFFF	35
1193	#FFFFFF	35
1194	#FFFFFF	35
1195	#FFFFFF	35
1196	#FFFFFF	35
1197	#FFFFFF	35
1198	#FFFFFF	35
1199	#FFFFFF	35
1200	#FFFFFF	35
1201	#FFFFFF	35
1202	#FFFFFF	35
1203	#FFFFFF	35
1204	#FFFFFF	35
1205	#FFFFFF	4
1206	#FFFFFF	4
1207	#FFFFFF	4
1208	#FFFFFF	35
1209	#FFFFFF	35
1210	#FFFFFF	4
1211	#FFFFFF	35
1212	#FFFFFF	4
1214	#FFFFFF	35
1215	#FFFFFF	35
1216	#FFFFFF	4
1217	#FFFFFF	4
1218	#FFFFFF	4
1219	#FFFFFF	35
1220	#FFFFFF	35
1221	#FFFFFF	35
1222	#FFFFFF	35
1223	#FFFFFF	35
1224	#FFFFFF	35
1225	#FFFFFF	35
1226	#FFFFFF	624
1227	#FFFFFF	276
1228	#FFFFFF	35
1229	#FFFFFF	276
1230	#FFFFFF	276
1231	#FFFFFF	276
1232	#FFFFFF	35
1233	#FFFFFF	35
1234	#FFFFFF	35
1235	#FFFFFF	35
1236	#FFFFFF	35
1237	#FFFFFF	35
1238	#FFFFFF	35
1239	#FFFFFF	35
1240	#FFFFFF	35
1241	#FFFFFF	35
1242	#FFFFFF	35
1243	#FFFFFF	35
1244	#FFFFFF	35
1245	#FFFFFF	35
1246	#FFFFFF	35
1247	#FFFFFF	35
1248	#FFFFFF	35
1249	#FFFFFF	35
1250	#FFFFFF	35
1251	#FFFFFF	35
1252	#FFFFFF	35
1253	#FFFFFF	4
1254	#FFFFFF	4
1255	#FFFFFF	4
1256	#FFFFFF	4
1258	#FFFFFF	35
1259	#FFFFFF	35
1260	#FFFFFF	35
1261	#FFFFFF	4
1262	#FFFFFF	4
1263	#FFFFFF	4
1264	#FFFFFF	4
1265	#FFFFFF	4
1266	#FFFFFF	4
1267	#FFFFFF	4
1268	#FFFFFF	4
1269	#FFFFFF	4
1270	#FFFFFF	35
1271	#FFFFFF	4
1272	#FFFFFF	22
1274	#FFFFFF	4
1275	#FFFFFF	4
1276	#FFFFFF	4
1277	#FFFFFF	35
1278	#FFFFFF	35
1279	#FFFFFF	35
1280	#FFFFFF	35
1281	#FFFFFF	35
1282	#FFFFFF	35
1283	#FFFFFF	35
1284	#FFFFFF	35
1285	#FFFFFF	35
1286	#FFFFFF	35
1287	#FFFFFF	4
1288	#FFFFFF	35
1289	#FFFFFF	35
1290	#FFFFFF	35
1291	#FFFFFF	105
1292	#FFFFFF	105
1293	#FFFFFF	105
1294	#FFFFFF	105
1295	#FFFFFF	105
1296	#FFFFFF	105
1297	#FFFFFF	105
1298	#FFFFFF	35
1299	#FFFFFF	105
1300	#FFFFFF	105
1301	#FFFFFF	105
1302	#FFFFFF	105
1303	#FFFFFF	105
1304	#FFFFFF	35
1307	#FFFFFF	1216
1308	#FFFFFF	35
1309	#FFFFFF	4
1314	#FFFFFF	4
1315	#FFFFFF	4
1316	#FFFFFF	4
1318	#FFFFFF	4
1319	#FFFFFF	4
1320	#FFFFFF	4
1321	#FFFFFF	35
1322	#FFFFFF	22
1324	#FFFFFF	35
1325	#FFFFFF	4
1327	#FFFFFF	4
1328	#FFFFFF	791
1329	#FFFFFF	35
1330	#FFFFFF	35
1331	#FFFFFF	35
1332	#FFFFFF	35
1333	#FFFFFF	35
1334	#FFFFFF	35
1335	#FFFFFF	35
1336	#FFFFFF	35
1337	#FFFFFF	35
1338	#FFFFFF	4
1339	#FFFFFF	35
1340	#FFFFFF	35
1341	#FFFFFF	35
1342	#FFFFFF	105
1343	#FFFFFF	105
1344	#FFFFFF	105
1345	#FFFFFF	105
1346	#FFFFFF	105
1347	#FFFFFF	105
1348	#FFFFFF	105
1349	#FFFFFF	35
1350	#FFFFFF	105
1351	#FFFFFF	105
1352	#FFFFFF	105
1353	#FFFFFF	105
1354	#FFFFFF	35
1355	#FFFFFF	35
1356	#FFFFFF	35
1357	#FFFFFF	35
1358	#FFFFFF	1216
1359	#FFFFFF	4
1364	#FFFFFF	4
1365	#FFFFFF	4
1366	#FFFFFF	4
1368	#FFFFFF	4
1369	#FFFFFF	4
1370	#FFFFFF	4
1371	#FFFFFF	35
1373	#FFFFFF	35
1376	#FFFFFF	35
1377	#FFFFFF	4
1378	#FFFFFF	35
1379	#FFFFFF	791
1380	#FFFFFF	35
1381	#FFFFFF	35
1382	#FFFFFF	35
1383	#FFFFFF	35
1384	#FFFFFF	35
1385	#FFFFFF	35
1386	#FFFFFF	35
1387	#FFFFFF	35
1388	#FFFFFF	4
1389	#FFFFFF	35
1390	#FFFFFF	35
1391	#FFFFFF	35
1392	#FFFFFF	35
1393	#FFFFFF	105
1394	#FFFFFF	105
1395	#FFFFFF	105
1396	#FFFFFF	105
1397	#FFFFFF	105
1398	#FFFFFF	105
1399	#FFFFFF	4
1400	#FFFFFF	105
1401	#FFFFFF	105
1402	#FFFFFF	105
1403	#FFFFFF	105
1404	#FFFFFF	105
1405	#FFFFFF	35
1406	#FFFFFF	35
1407	#FFFFFF	35
1408	#FFFFFF	35
1409	#FFFFFF	1216
1410	#FFFFFF	35
1411	#FFFFFF	4
1415	#FFFFFF	4
1416	#FFFFFF	4
1417	#FFFFFF	4
1419	#FFFFFF	22
1420	#FFFFFF	22
1421	#FFFFFF	4
1423	#FFFFFF	35
1424	#FFFFFF	35
1427	#FFFFFF	35
1428	#FFFFFF	4
1430	#FFFFFF	791
1431	#FFFFFF	791
1432	#FFFFFF	35
1433	#FFFFFF	35
1434	#FFFFFF	35
1435	#FFFFFF	35
1436	#FFFFFF	35
1437	#FFFFFF	35
1438	#FFFFFF	35
1439	#FFFFFF	35
1440	#FFFFFF	35
1441	#FFFFFF	35
1442	#FFFFFF	35
1443	#FFFFFF	35
1444	#FFFFFF	105
1445	#FFFFFF	105
1446	#FFFFFF	105
1447	#FFFFFF	105
1448	#FFFFFF	105
1449	#FFFFFF	105
1450	#FFFFFF	4
1451	#FFFFFF	105
1452	#FFFFFF	105
1453	#FFFFFF	105
1454	#FFFFFF	105
1455	#FFFFFF	105
1456	#FFFFFF	35
1457	#FFFFFF	35
1458	#FFFFFF	35
1460	#FFFFFF	35
1461	#FFFFFF	35
1465	#FFFFFF	4
1466	#FFFFFF	4
1467	#FFFFFF	4
1470	#FFFFFF	22
1471	#FFFFFF	4
1472	#FFFFFF	22
1476	#FFFFFF	791
1477	#FFFFFF	35
1478	#FFFFFF	4
1479	#FFFFFF	791
1480	#FFFFFF	791
1481	#FFFFFF	791
1482	#FFFFFF	791
1483	#FFFFFF	35
1484	#FFFFFF	35
1485	#FFFFFF	35
1486	#FFFFFF	35
1487	#FFFFFF	35
1488	#FFFFFF	35
1489	#FFFFFF	4
1490	#FFFFFF	35
1491	#FFFFFF	35
1492	#FFFFFF	105
1493	#FFFFFF	105
1494	#FFFFFF	105
1495	#FFFFFF	105
1496	#FFFFFF	105
1497	#FFFFFF	105
1498	#FFFFFF	105
1499	#FFFFFF	105
1500	#FFFFFF	35
1501	#FFFFFF	105
1502	#FFFFFF	105
1503	#FFFFFF	105
1504	#FFFFFF	105
1505	#FFFFFF	105
1506	#FFFFFF	105
1507	#FFFFFF	35
1508	#FFFFFF	35
1509	#FFFFFF	35
1510	#FFFFFF	1216
1511	#FFFFFF	35
1512	#FFFFFF	35
1513	#FFFFFF	35
1514	#FFFFFF	35
1516	#FFFFFF	4
1517	#FFFFFF	35
1518	#FFFFFF	4
1522	#FFFFFF	22
1523	#FFFFFF	22
1524	#FFFFFF	35
1529	#FFFFFF	4
1530	#FFFFFF	791
1531	#FFFFFF	791
1532	#FFFFFF	35
1533	#FFFFFF	791
1534	#FFFFFF	35
1535	#FFFFFF	35
1536	#FFFFFF	35
1537	#FFFFFF	35
1538	#FFFFFF	35
1539	#FFFFFF	35
1540	#FFFFFF	35
1541	#FFFFFF	35
1542	#FFFFFF	105
1543	#FFFFFF	105
1544	#FFFFFF	105
1545	#FFFFFF	105
1546	#FFFFFF	105
1547	#FFFFFF	105
1548	#FFFFFF	105
1549	#FFFFFF	105
1550	#FFFFFF	105
1551	#FFFFFF	35
1552	#FFFFFF	105
1553	#FFFFFF	105
1554	#FFFFFF	105
1555	#FFFFFF	105
1556	#FFFFFF	105
1557	#FFFFFF	35
1558	#FFFFFF	35
1559	#FFFFFF	35
1560	#FFFFFF	35
1561	#FFFFFF	35
1562	#FFFFFF	35
1563	#FFFFFF	35
1566	#FFFFFF	4
1567	#FFFFFF	35
1568	#FFFFFF	4
1572	#FFFFFF	22
1573	#FFFFFF	22
1574	#FFFFFF	35
1575	#FFFFFF	4
1576	#FFFFFF	791
1577	#FFFFFF	35
1579	#FFFFFF	4
1580	#FFFFFF	35
1581	#FFFFFF	791
1582	#FFFFFF	791
1583	#FFFFFF	35
1584	#FFFFFF	35
1585	#FFFFFF	35
1586	#FFFFFF	35
1587	#FFFFFF	35
1588	#FFFFFF	35
1589	#FFFFFF	35
1590	#FFFFFF	4
1591	#FFFFFF	35
1592	#FFFFFF	35
1593	#FFFFFF	105
1594	#FFFFFF	105
1595	#FFFFFF	105
1596	#FFFFFF	105
1597	#FFFFFF	105
1598	#FFFFFF	105
1599	#FFFFFF	105
1600	#FFFFFF	105
1601	#FFFFFF	35
1602	#FFFFFF	105
1603	#FFFFFF	105
1604	#FFFFFF	105
1605	#FFFFFF	105
1606	#FFFFFF	105
1607	#FFFFFF	105
1608	#FFFFFF	35
1609	#FFFFFF	35
1610	#FFFFFF	35
1611	#FFFFFF	1216
1612	#FFFFFF	35
1613	#FFFFFF	35
1614	#FFFFFF	35
1615	#FFFFFF	35
1617	#FFFFFF	35
1618	#FFFFFF	4
1619	#FFFFFF	4
1621	#FFFFFF	22
1623	#FFFFFF	22
1624	#FFFFFF	22
1625	#FFFFFF	35
1626	#FFFFFF	22
1627	#FFFFFF	791
1630	#FFFFFF	4
1631	#FFFFFF	791
1632	#FFFFFF	791
1633	#FFFFFF	35
1634	#FFFFFF	22
1635	#FFFFFF	35
1636	#FFFFFF	35
1637	#FFFFFF	22
1638	#FFFFFF	35
1639	#FFFFFF	35
1640	#FFFFFF	35
1641	#FFFFFF	4
1642	#FFFFFF	35
1643	#FFFFFF	35
1644	#FFFFFF	105
1645	#FFFFFF	105
1646	#FFFFFF	105
1647	#FFFFFF	105
1648	#FFFFFF	105
1649	#FFFFFF	105
1650	#FFFFFF	105
1651	#FFFFFF	105
1652	#FFFFFF	35
1653	#FFFFFF	105
1654	#FFFFFF	105
1655	#FFFFFF	105
1656	#FFFFFF	105
1657	#FFFFFF	105
1658	#FFFFFF	35
1659	#FFFFFF	35
1660	#FFFFFF	35
1661	#FFFFFF	35
1662	#FFFFFF	35
1663	#FFFFFF	35
1664	#FFFFFF	35
1665	#FFFFFF	4
1667	#FFFFFF	35
1668	#FFFFFF	4
1669	#FFFFFF	4
1674	#FFFFFF	4
1675	#FFFFFF	22
1676	#FFFFFF	22
1678	#FFFFFF	791
1680	#FFFFFF	4
1682	#FFFFFF	791
1683	#FFFFFF	35
1684	#FFFFFF	35
1686	#FFFFFF	35
1687	#FFFFFF	22
1688	#FFFFFF	35
1689	#FFFFFF	35
1690	#FFFFFF	35
1691	#FFFFFF	4
1692	#FFFFFF	35
1693	#FFFFFF	35
1694	#FFFFFF	35
1695	#FFFFFF	105
1696	#FFFFFF	105
1697	#FFFFFF	105
1698	#FFFFFF	105
1699	#FFFFFF	105
1700	#FFFFFF	105
1701	#FFFFFF	105
1702	#FFFFFF	35
1703	#FFFFFF	105
1704	#FFFFFF	105
1705	#FFFFFF	105
1706	#FFFFFF	22
1707	#FFFFFF	105
1708	#FFFFFF	105
1709	#FFFFFF	35
1710	#FFFFFF	35
1711	#FFFFFF	35
1712	#FFFFFF	35
1713	#FFFFFF	35
1714	#FFFFFF	35
1715	#FFFFFF	35
1716	#FFFFFF	4
1717	#FFFFFF	4
1718	#FFFFFF	35
1719	#FFFFFF	4
1720	#FFFFFF	4
1723	#FFFFFF	22
1725	#FFFFFF	22
1726	#FFFFFF	22
1727	#FFFFFF	22
1728	#FFFFFF	22
1729	#FFFFFF	791
1730	#FFFFFF	791
1731	#FFFFFF	4
1732	#FFFFFF	791
1734	#FFFFFF	35
1735	#FFFFFF	35
1737	#FFFFFF	22
1738	#FFFFFF	35
1739	#FFFFFF	35
1740	#FFFFFF	35
1741	#FFFFFF	35
1742	#FFFFFF	4
1743	#FFFFFF	35
1744	#FFFFFF	35
1745	#FFFFFF	35
1746	#FFFFFF	105
1747	#FFFFFF	105
1748	#FFFFFF	105
1749	#FFFFFF	105
1750	#FFFFFF	105
1751	#FFFFFF	105
1752	#FFFFFF	105
1753	#FFFFFF	35
1754	#FFFFFF	105
1755	#FFFFFF	105
1756	#FFFFFF	22
1757	#FFFFFF	105
1758	#FFFFFF	105
1759	#FFFFFF	105
1760	#FFFFFF	35
1761	#FFFFFF	35
1762	#FFFFFF	35
1763	#FFFFFF	35
1764	#FFFFFF	35
1765	#FFFFFF	4
1766	#FFFFFF	22
1767	#FFFFFF	22
1768	#FFFFFF	4
1769	#FFFFFF	35
1770	#FFFFFF	4
1771	#FFFFFF	22
1776	#FFFFFF	22
1777	#FFFFFF	22
1778	#FFFFFF	22
1779	#FFFFFF	22
1781	#FFFFFF	4
1782	#FFFFFF	791
1783	#FFFFFF	791
1785	#FFFFFF	35
1786	#FFFFFF	35
1787	#FFFFFF	22
1788	#FFFFFF	35
1789	#FFFFFF	35
1790	#FFFFFF	35
1791	#FFFFFF	35
1792	#FFFFFF	4
1793	#FFFFFF	35
1794	#FFFFFF	35
1795	#FFFFFF	35
1796	#FFFFFF	105
1797	#FFFFFF	105
1798	#FFFFFF	105
1799	#FFFFFF	105
1800	#FFFFFF	105
1801	#FFFFFF	105
1802	#FFFFFF	105
1803	#FFFFFF	4
1804	#FFFFFF	105
1805	#FFFFFF	105
1806	#FFFFFF	22
1807	#FFFFFF	105
1808	#FFFFFF	105
1809	#FFFFFF	105
1810	#FFFFFF	105
1811	#FFFFFF	105
1812	#FFFFFF	35
1813	#FFFFFF	35
1814	#FFFFFF	35
1815	#FFFFFF	35
1816	#FFFFFF	35
1817	#FFFFFF	4
1818	#FFFFFF	22
1819	#FFFFFF	35
1820	#FFFFFF	4
1821	#FFFFFF	4
1822	#FFFFFF	22
1827	#FFFFFF	22
1828	#FFFFFF	22
1829	#FFFFFF	791
1830	#FFFFFF	791
1831	#FFFFFF	791
1832	#FFFFFF	4
1833	#FFFFFF	35
1835	#FFFFFF	35
1836	#FFFFFF	35
1837	#FFFFFF	22
1839	#FFFFFF	35
1840	#FFFFFF	35
1841	#FFFFFF	35
1842	#FFFFFF	35
1843	#FFFFFF	4
1844	#FFFFFF	35
1845	#FFFFFF	35
1846	#FFFFFF	105
1847	#FFFFFF	105
1848	#FFFFFF	105
1849	#FFFFFF	105
1850	#FFFFFF	105
1851	#FFFFFF	105
1852	#FFFFFF	105
1853	#FFFFFF	105
1854	#FFFFFF	4
1855	#FFFFFF	105
1856	#FFFFFF	105
1857	#FFFFFF	22
1858	#FFFFFF	105
1859	#FFFFFF	105
1860	#FFFFFF	105
1861	#FFFFFF	105
1862	#FFFFFF	35
1863	#FFFFFF	35
1864	#FFFFFF	35
1865	#FFFFFF	35
1866	#FFFFFF	4
1867	#FFFFFF	22
1868	#FFFFFF	22
1869	#FFFFFF	35
1870	#FFFFFF	4
1871	#FFFFFF	4
1872	#FFFFFF	22
1873	#FFFFFF	22
1879	#FFFFFF	22
1880	#FFFFFF	791
1881	#FFFFFF	791
1882	#FFFFFF	4
1883	#FFFFFF	35
1886	#FFFFFF	791
1888	#FFFFFF	22
1889	#FFFFFF	35
1890	#FFFFFF	105
1891	#FFFFFF	105
1893	#FFFFFF	4
1894	#FFFFFF	35
1895	#FFFFFF	35
1896	#FFFFFF	35
1897	#FFFFFF	105
1898	#FFFFFF	105
1899	#FFFFFF	105
1900	#FFFFFF	105
1901	#FFFFFF	105
1902	#FFFFFF	105
1903	#FFFFFF	105
1904	#FFFFFF	4
1905	#FFFFFF	105
1906	#FFFFFF	105
1907	#FFFFFF	105
1908	#FFFFFF	22
1909	#FFFFFF	22
1910	#FFFFFF	105
1911	#FFFFFF	105
1912	#FFFFFF	105
1913	#FFFFFF	35
1914	#FFFFFF	35
1915	#FFFFFF	4
1916	#FFFFFF	4
1917	#FFFFFF	35
1918	#FFFFFF	4
1919	#FFFFFF	22
1920	#FFFFFF	4
1921	#FFFFFF	4
1922	#FFFFFF	4
1923	#FFFFFF	22
1924	#FFFFFF	4
1929	#FFFFFF	791
1930	#FFFFFF	22
1931	#FFFFFF	22
1933	#FFFFFF	4
1934	#FFFFFF	35
1935	#FFFFFF	35
1938	#FFFFFF	35
1941	#FFFFFF	105
1942	#FFFFFF	105
1943	#FFFFFF	105
1944	#FFFFFF	4
1945	#FFFFFF	105
1946	#FFFFFF	35
1947	#FFFFFF	105
1948	#FFFFFF	105
1949	#FFFFFF	105
1950	#FFFFFF	105
1951	#FFFFFF	105
1952	#FFFFFF	105
1953	#FFFFFF	105
1954	#FFFFFF	105
1955	#FFFFFF	4
1956	#FFFFFF	105
1957	#FFFFFF	22
1958	#FFFFFF	22
1959	#FFFFFF	22
1960	#FFFFFF	22
1961	#FFFFFF	105
1962	#FFFFFF	105
1963	#FFFFFF	105
1964	#FFFFFF	105
1965	#FFFFFF	4
1966	#FFFFFF	35
1967	#FFFFFF	4
1968	#FFFFFF	22
1969	#FFFFFF	22
1970	#FFFFFF	4
1971	#FFFFFF	4
1972	#FFFFFF	22
1973	#FFFFFF	22
1974	#FFFFFF	4
1975	#FFFFFF	4
1980	#FFFFFF	791
1981	#FFFFFF	22
1982	#FFFFFF	22
1983	#FFFFFF	4
1984	#FFFFFF	35
1985	#FFFFFF	791
1989	#FFFFFF	35
1990	#FFFFFF	35
1991	#FFFFFF	105
1992	#FFFFFF	105
1993	#FFFFFF	105
1994	#FFFFFF	4
1995	#FFFFFF	105
1996	#FFFFFF	105
1997	#FFFFFF	105
1998	#FFFFFF	105
1999	#FFFFFF	105
2000	#FFFFFF	105
2001	#FFFFFF	105
2002	#FFFFFF	105
2003	#FFFFFF	105
2004	#FFFFFF	105
2005	#FFFFFF	4
2006	#FFFFFF	105
2007	#FFFFFF	22
2008	#FFFFFF	22
2009	#FFFFFF	22
2010	#FFFFFF	22
2011	#FFFFFF	105
2012	#FFFFFF	105
2013	#FFFFFF	105
2014	#FFFFFF	105
2015	#FFFFFF	105
2016	#FFFFFF	4
2017	#FFFFFF	35
2018	#FFFFFF	4
2019	#FFFFFF	4
2020	#FFFFFF	22
2021	#FFFFFF	22
2022	#FFFFFF	22
2023	#FFFFFF	4
2024	#FFFFFF	4
2025	#FFFFFF	4
2026	#FFFFFF	22
2030	#FFFFFF	791
2031	#FFFFFF	22
2032	#FFFFFF	22
2033	#FFFFFF	22
2034	#FFFFFF	4
2036	#FFFFFF	791
2038	#FFFFFF	791
2039	#FFFFFF	791
2040	#FFFFFF	35
2041	#FFFFFF	105
2043	#FFFFFF	105
2044	#FFFFFF	105
2045	#FFFFFF	4
2046	#FFFFFF	105
2047	#FFFFFF	105
2048	#FFFFFF	105
2049	#FFFFFF	105
2050	#FFFFFF	105
2051	#FFFFFF	105
2052	#FFFFFF	105
2053	#FFFFFF	105
2054	#FFFFFF	105
2055	#FFFFFF	22
2056	#FFFFFF	35
2057	#FFFFFF	22
2058	#FFFFFF	22
2059	#FFFFFF	22
2060	#FFFFFF	22
2061	#FFFFFF	105
2062	#FFFFFF	105
2063	#FFFFFF	35
2064	#FFFFFF	105
2065	#FFFFFF	35
2066	#FFFFFF	35
2067	#FFFFFF	4
2068	#FFFFFF	4
2069	#FFFFFF	4
2070	#FFFFFF	22
2071	#FFFFFF	22
2072	#FFFFFF	22
2073	#FFFFFF	22
2074	#FFFFFF	4
2075	#FFFFFF	4
2076	#FFFFFF	22
2077	#FFFFFF	22
2082	#FFFFFF	22
2083	#FFFFFF	22
2084	#FFFFFF	4
2085	#FFFFFF	22
2086	#FFFFFF	791
2091	#FFFFFF	791
2092	#FFFFFF	338
2094	#FFFFFF	338
2095	#FFFFFF	4
2096	#FFFFFF	105
2097	#FFFFFF	105
2098	#FFFFFF	105
2099	#FFFFFF	105
2100	#FFFFFF	105
2101	#FFFFFF	105
2102	#FFFFFF	105
2103	#FFFFFF	22
2104	#FFFFFF	22
2105	#FFFFFF	105
2106	#FFFFFF	4
2107	#FFFFFF	22
2108	#FFFFFF	22
2109	#FFFFFF	22
2110	#FFFFFF	22
2111	#FFFFFF	105
2112	#FFFFFF	105
2113	#FFFFFF	105
2114	#FFFFFF	35
2115	#FFFFFF	35
2116	#FFFFFF	35
2117	#FFFFFF	35
2118	#FFFFFF	35
2119	#FFFFFF	4
2120	#FFFFFF	4
2121	#FFFFFF	4
2122	#FFFFFF	22
2123	#FFFFFF	22
2124	#FFFFFF	22
2125	#FFFFFF	4
2126	#FFFFFF	4
2127	#FFFFFF	22
2128	#FFFFFF	22
2133	#FFFFFF	22
2134	#FFFFFF	22
2135	#FFFFFF	4
2136	#FFFFFF	791
2137	#FFFFFF	22
2138	#FFFFFF	791
2142	#FFFFFF	22
2143	#FFFFFF	338
2144	#FFFFFF	338
2145	#FFFFFF	338
2146	#FFFFFF	4
2147	#FFFFFF	338
2148	#FFFFFF	105
2149	#FFFFFF	338
2150	#FFFFFF	105
2151	#FFFFFF	105
2152	#FFFFFF	105
2153	#FFFFFF	105
2154	#FFFFFF	22
2155	#FFFFFF	105
2156	#FFFFFF	22
2157	#FFFFFF	4
2158	#FFFFFF	22
2159	#FFFFFF	22
2160	#FFFFFF	22
2161	#FFFFFF	105
2162	#FFFFFF	105
2163	#FFFFFF	105
2164	#FFFFFF	105
2165	#FFFFFF	35
2166	#FFFFFF	35
2167	#FFFFFF	35
2168	#FFFFFF	4
2169	#FFFFFF	4
2170	#FFFFFF	4
2171	#FFFFFF	4
2172	#FFFFFF	22
2173	#FFFFFF	22
2174	#FFFFFF	4
2175	#FFFFFF	4
2176	#FFFFFF	4
2177	#FFFFFF	22
2178	#FFFFFF	4
2179	#FFFFFF	22
2185	#FFFFFF	4
2186	#FFFFFF	22
2187	#FFFFFF	22
2188	#FFFFFF	35
2192	#FFFFFF	791
2193	#FFFFFF	22
2194	#FFFFFF	338
2195	#FFFFFF	338
2196	#FFFFFF	4
2197	#FFFFFF	338
2198	#FFFFFF	338
2199	#FFFFFF	338
2200	#FFFFFF	338
2201	#FFFFFF	105
2202	#FFFFFF	105
2203	#FFFFFF	105
2204	#FFFFFF	105
2205	#FFFFFF	22
2206	#FFFFFF	22
2207	#FFFFFF	4
2208	#FFFFFF	22
2209	#FFFFFF	22
2210	#FFFFFF	22
2211	#FFFFFF	105
2212	#FFFFFF	105
2213	#FFFFFF	105
2214	#FFFFFF	105
2215	#FFFFFF	105
2216	#FFFFFF	35
2217	#FFFFFF	35
2218	#FFFFFF	4
2219	#FFFFFF	35
2220	#FFFFFF	4
2221	#FFFFFF	4
2222	#FFFFFF	4
2223	#FFFFFF	22
2224	#FFFFFF	22
2225	#FFFFFF	4
2226	#FFFFFF	4
2227	#FFFFFF	4
2228	#FFFFFF	4
2229	#FFFFFF	22
2230	#FFFFFF	22
2235	#FFFFFF	22
2236	#FFFFFF	4
2237	#FFFFFF	22
2238	#FFFFFF	22
2241	#FFFFFF	791
2243	#FFFFFF	22
2245	#FFFFFF	338
2246	#FFFFFF	338
2247	#FFFFFF	4
2248	#FFFFFF	338
2249	#FFFFFF	338
2250	#FFFFFF	338
2251	#FFFFFF	105
2252	#FFFFFF	105
2253	#FFFFFF	105
2254	#FFFFFF	105
2255	#FFFFFF	105
2256	#FFFFFF	22
2257	#FFFFFF	22
2258	#FFFFFF	4
2259	#FFFFFF	22
2260	#FFFFFF	22
2261	#FFFFFF	105
2262	#FFFFFF	105
2263	#FFFFFF	105
2264	#FFFFFF	105
2265	#FFFFFF	105
2266	#FFFFFF	105
2267	#FFFFFF	35
2268	#FFFFFF	35
2269	#FFFFFF	4
2270	#FFFFFF	4
2271	#FFFFFF	4
2272	#FFFFFF	4
2275	#FFFFFF	35
2276	#FFFFFF	4
2277	#FFFFFF	4
2278	#FFFFFF	4
2279	#FFFFFF	4
2280	#FFFFFF	35
2281	#FFFFFF	35
2282	#FFFFFF	35
2283	#FFFFFF	35
2284	#FFFFFF	35
2285	#FFFFFF	35
2286	#FFFFFF	624
2287	#FFFFFF	35
2288	#FFFFFF	35
2289	#FFFFFF	276
2290	#FFFFFF	276
2291	#FFFFFF	276
2292	#FFFFFF	276
2293	#FFFFFF	276
2294	#FFFFFF	35
2295	#FFFFFF	35
2296	#FFFFFF	35
2298	#FFFFFF	35
2299	#FFFFFF	35
2300	#FFFFFF	35
2301	#FFFFFF	35
2302	#FFFFFF	35
2303	#FFFFFF	35
2304	#FFFFFF	35
2305	#FFFFFF	35
2306	#FFFFFF	35
2307	#FFFFFF	35
2308	#FFFFFF	624
2309	#FFFFFF	35
2310	#FFFFFF	35
2311	#FFFFFF	35
2312	#FFFFFF	35
2313	#FFFFFF	35
2314	#FFFFFF	4
2315	#FFFFFF	4
2316	#FFFFFF	4
2317	#FFFFFF	4
2318	#FFFFFF	4
2319	#FFFFFF	35
2320	#FFFFFF	35
2321	#FFFFFF	35
2322	#FFFFFF	35
2323	#FFFFFF	4
2324	#FFFFFF	35
2325	#FFFFFF	35
2326	#FFFFFF	624
2327	#FFFFFF	35
2328	#FFFFFF	4
2329	#FFFFFF	4
2330	#FFFFFF	4
2331	#FFFFFF	35
2332	#FFFFFF	35
2333	#FFFFFF	35
2334	#FFFFFF	35
2335	#FFFFFF	35
2336	#FFFFFF	35
2337	#FFFFFF	35
2338	#FFFFFF	35
2339	#FFFFFF	276
2340	#FFFFFF	35
2341	#FFFFFF	276
2342	#FFFFFF	276
2343	#FFFFFF	276
2344	#FFFFFF	276
2345	#FFFFFF	35
2346	#FFFFFF	35
2347	#FFFFFF	35
2348	#FFFFFF	624
2349	#FFFFFF	35
2350	#FFFFFF	35
2351	#FFFFFF	35
2352	#FFFFFF	35
2354	#FFFFFF	35
2355	#FFFFFF	35
2356	#FFFFFF	35
2357	#FFFFFF	35
2359	#FFFFFF	35
2360	#FFFFFF	35
2361	#FFFFFF	35
2362	#FFFFFF	35
2363	#FFFFFF	35
2364	#FFFFFF	4
2365	#FFFFFF	35
2366	#FFFFFF	35
2367	#FFFFFF	35
2368	#FFFFFF	4
2369	#FFFFFF	35
2370	#FFFFFF	35
2371	#FFFFFF	35
2372	#FFFFFF	35
2373	#FFFFFF	4
2374	#FFFFFF	22
2375	#FFFFFF	22
2376	#FFFFFF	22
2377	#FFFFFF	22
2378	#FFFFFF	4
2379	#FFFFFF	4
2380	#FFFFFF	4
2381	#FFFFFF	22
2382	#FFFFFF	22
2387	#FFFFFF	22
2388	#FFFFFF	22
2389	#FFFFFF	22
2390	#FFFFFF	22
2391	#FFFFFF	35
2392	#FFFFFF	791
2393	#FFFFFF	791
2395	#FFFFFF	791
2396	#FFFFFF	22
2397	#FFFFFF	338
2398	#FFFFFF	4
2399	#FFFFFF	338
2400	#FFFFFF	338
2401	#FFFFFF	338
2402	#FFFFFF	338
2403	#FFFFFF	105
2404	#FFFFFF	22
2405	#FFFFFF	105
2406	#FFFFFF	105
2407	#FFFFFF	22
2408	#FFFFFF	22
2409	#FFFFFF	4
2410	#FFFFFF	22
2411	#FFFFFF	22
2412	#FFFFFF	22
2413	#FFFFFF	105
2414	#FFFFFF	105
2415	#FFFFFF	105
2416	#FFFFFF	105
2417	#FFFFFF	105
2418	#FFFFFF	105
2419	#FFFFFF	105
2420	#FFFFFF	35
2421	#FFFFFF	35
2422	#FFFFFF	4
2423	#FFFFFF	4
2424	#FFFFFF	4
2425	#FFFFFF	951
2426	#FFFFFF	22
2427	#FFFFFF	22
2428	#FFFFFF	22
2429	#FFFFFF	4
2430	#FFFFFF	4
2431	#FFFFFF	22
2432	#FFFFFF	22
2433	#FFFFFF	22
2437	#FFFFFF	791
2438	#FFFFFF	22
2439	#FFFFFF	22
2440	#FFFFFF	22
2441	#FFFFFF	22
2442	#FFFFFF	791
2444	#FFFFFF	22
2445	#FFFFFF	791
2447	#FFFFFF	338
2448	#FFFFFF	338
2449	#FFFFFF	4
2450	#FFFFFF	338
2451	#FFFFFF	338
2452	#FFFFFF	338
2453	#FFFFFF	338
2454	#FFFFFF	22
2455	#FFFFFF	105
2456	#FFFFFF	105
2457	#FFFFFF	105
2458	#FFFFFF	22
2459	#FFFFFF	22
2460	#FFFFFF	4
2461	#FFFFFF	22
2462	#FFFFFF	22
2463	#FFFFFF	22
2464	#FFFFFF	105
2465	#FFFFFF	105
2466	#FFFFFF	105
2467	#FFFFFF	105
2468	#FFFFFF	105
2469	#FFFFFF	105
2470	#FFFFFF	4
2471	#FFFFFF	4
2472	#FFFFFF	4
2473	#FFFFFF	4
2474	#FFFFFF	4
2475	#FFFFFF	951
2476	#FFFFFF	951
2477	#FFFFFF	22
2478	#FFFFFF	4
2479	#FFFFFF	22
2480	#FFFFFF	4
2481	#FFFFFF	4
2482	#FFFFFF	22
2483	#FFFFFF	22
2484	#FFFFFF	22
2488	#FFFFFF	22
2490	#FFFFFF	22
2491	#FFFFFF	22
2492	#FFFFFF	22
2494	#FFFFFF	791
2498	#FFFFFF	338
2499	#FFFFFF	22
2502	#FFFFFF	338
2503	#FFFFFF	338
2504	#FFFFFF	338
2505	#FFFFFF	22
2506	#FFFFFF	105
2507	#FFFFFF	22
2508	#FFFFFF	22
2509	#FFFFFF	22
2510	#FFFFFF	4
2511	#FFFFFF	22
2512	#FFFFFF	22
2513	#FFFFFF	105
2514	#FFFFFF	105
2515	#FFFFFF	105
2516	#FFFFFF	105
2517	#FFFFFF	105
2518	#FFFFFF	105
2519	#FFFFFF	105
2520	#FFFFFF	105
2521	#FFFFFF	4
2522	#FFFFFF	4
2523	#FFFFFF	22
2524	#FFFFFF	4
2525	#FFFFFF	4
2526	#FFFFFF	22
2527	#FFFFFF	22
2528	#FFFFFF	22
2529	#FFFFFF	22
2530	#FFFFFF	4
2531	#FFFFFF	4
2532	#FFFFFF	22
2533	#FFFFFF	22
2534	#FFFFFF	22
2535	#FFFFFF	22
2539	#FFFFFF	4
2541	#FFFFFF	22
2542	#FFFFFF	22
2543	#FFFFFF	22
2544	#FFFFFF	791
2546	#FFFFFF	22
2547	#FFFFFF	338
2550	#FFFFFF	4
2551	#FFFFFF	338
2553	#FFFFFF	338
2554	#FFFFFF	338
2555	#FFFFFF	22
2556	#FFFFFF	22
2557	#FFFFFF	105
2558	#FFFFFF	22
2559	#FFFFFF	22
2560	#FFFFFF	22
2561	#FFFFFF	4
2562	#FFFFFF	22
2563	#FFFFFF	22
2564	#FFFFFF	105
2565	#FFFFFF	105
2566	#FFFFFF	105
2567	#FFFFFF	105
2568	#FFFFFF	105
2569	#FFFFFF	105
2570	#FFFFFF	105
2571	#FFFFFF	4
2572	#FFFFFF	22
2573	#FFFFFF	4
2574	#FFFFFF	4
2575	#FFFFFF	4
2576	#FFFFFF	22
2577	#FFFFFF	22
2578	#FFFFFF	22
2579	#FFFFFF	22
2580	#FFFFFF	4
2581	#FFFFFF	22
2582	#FFFFFF	22
2583	#FFFFFF	22
2584	#FFFFFF	22
2585	#FFFFFF	22
2586	#FFFFFF	22
2589	#FFFFFF	4
2592	#FFFFFF	22
2593	#FFFFFF	791
2594	#FFFFFF	791
2597	#FFFFFF	22
2599	#FFFFFF	791
2600	#FFFFFF	4
2601	#FFFFFF	338
2604	#FFFFFF	338
2605	#FFFFFF	338
2606	#FFFFFF	22
2607	#FFFFFF	22
2608	#FFFFFF	22
2609	#FFFFFF	22
2610	#FFFFFF	22
2611	#FFFFFF	4
2612	#FFFFFF	22
2613	#FFFFFF	22
2614	#FFFFFF	105
2615	#FFFFFF	105
2616	#FFFFFF	105
2617	#FFFFFF	105
2618	#FFFFFF	105
2619	#FFFFFF	105
2620	#FFFFFF	105
2621	#FFFFFF	105
2622	#FFFFFF	4
2623	#FFFFFF	4
2624	#FFFFFF	22
2625	#FFFFFF	22
2626	#FFFFFF	22
2627	#FFFFFF	22
2628	#FFFFFF	22
2629	#FFFFFF	4
2630	#FFFFFF	4
2631	#FFFFFF	22
2632	#FFFFFF	22
2633	#FFFFFF	22
2634	#FFFFFF	22
2635	#FFFFFF	22
2636	#FFFFFF	22
2637	#FFFFFF	22
2640	#FFFFFF	4
2643	#FFFFFF	791
2644	#FFFFFF	791
2645	#FFFFFF	22
2646	#FFFFFF	791
2648	#FFFFFF	338
2650	#FFFFFF	338
2651	#FFFFFF	22
2652	#FFFFFF	338
2653	#FFFFFF	338
2655	#FFFFFF	338
2656	#FFFFFF	22
2657	#FFFFFF	22
2658	#FFFFFF	22
2659	#FFFFFF	22
2660	#FFFFFF	22
2661	#FFFFFF	22
2662	#FFFFFF	4
2663	#FFFFFF	22
2664	#FFFFFF	105
2665	#FFFFFF	105
2666	#FFFFFF	105
2667	#FFFFFF	105
2668	#FFFFFF	105
2669	#FFFFFF	105
2670	#FFFFFF	105
2671	#FFFFFF	105
2672	#FFFFFF	4
2673	#FFFFFF	22
2674	#FFFFFF	22
2675	#FFFFFF	22
2676	#FFFFFF	22
2677	#FFFFFF	951
2678	#FFFFFF	951
2679	#FFFFFF	22
2680	#FFFFFF	22
2681	#FFFFFF	22
2682	#FFFFFF	22
2683	#FFFFFF	22
2684	#FFFFFF	22
2685	#FFFFFF	22
2686	#FFFFFF	22
2687	#FFFFFF	22
2688	#FFFFFF	22
2690	#FFFFFF	22
2694	#FFFFFF	791
2695	#FFFFFF	22
2696	#FFFFFF	22
2698	#FFFFFF	338
2699	#FFFFFF	338
2701	#FFFFFF	22
2703	#FFFFFF	338
2704	#FFFFFF	338
2706	#FFFFFF	338
2707	#FFFFFF	22
2708	#FFFFFF	22
2709	#FFFFFF	22
2710	#FFFFFF	22
2711	#FFFFFF	22
2712	#FFFFFF	22
2713	#FFFFFF	22
2714	#FFFFFF	22
2715	#FFFFFF	105
2716	#FFFFFF	105
2717	#FFFFFF	105
2718	#FFFFFF	105
2719	#FFFFFF	105
2720	#FFFFFF	105
2721	#FFFFFF	105
2722	#FFFFFF	105
2723	#FFFFFF	22
2724	#FFFFFF	22
2725	#FFFFFF	22
2726	#FFFFFF	22
2727	#FFFFFF	22
2728	#FFFFFF	951
2729	#FFFFFF	951
2730	#FFFFFF	22
2731	#FFFFFF	22
2732	#FFFFFF	22
2733	#FFFFFF	22
2734	#FFFFFF	22
2735	#FFFFFF	22
2736	#FFFFFF	22
2737	#FFFFFF	22
2738	#FFFFFF	22
2739	#FFFFFF	22
2741	#FFFFFF	22
2745	#FFFFFF	791
2746	#FFFFFF	22
2747	#FFFFFF	22
2749	#FFFFFF	338
2750	#FFFFFF	338
2752	#FFFFFF	22
2753	#FFFFFF	22
2754	#FFFFFF	338
2755	#FFFFFF	338
2756	#FFFFFF	338
2757	#FFFFFF	338
2758	#FFFFFF	338
2759	#FFFFFF	22
2760	#FFFFFF	22
2761	#FFFFFF	22
2762	#FFFFFF	22
2763	#FFFFFF	22
2764	#FFFFFF	22
2765	#FFFFFF	105
2766	#FFFFFF	105
2767	#FFFFFF	105
2768	#FFFFFF	105
2769	#FFFFFF	105
2770	#FFFFFF	105
2771	#FFFFFF	105
2772	#FFFFFF	105
2773	#FFFFFF	22
2774	#FFFFFF	22
2775	#FFFFFF	22
2776	#FFFFFF	22
2777	#FFFFFF	22
2778	#FFFFFF	951
2779	#FFFFFF	951
2780	#FFFFFF	22
2781	#FFFFFF	22
2782	#FFFFFF	22
2783	#FFFFFF	22
2784	#FFFFFF	22
2785	#FFFFFF	22
2786	#FFFFFF	22
2787	#FFFFFF	22
2788	#FFFFFF	22
2789	#FFFFFF	22
2790	#FFFFFF	22
2791	#FFFFFF	22
2796	#FFFFFF	791
2797	#FFFFFF	22
2798	#FFFFFF	22
2799	#FFFFFF	338
2801	#FFFFFF	22
2802	#FFFFFF	22
2804	#FFFFFF	338
2805	#FFFFFF	338
2806	#FFFFFF	338
2807	#FFFFFF	338
2808	#FFFFFF	338
2809	#FFFFFF	22
2810	#FFFFFF	22
2811	#FFFFFF	22
2812	#FFFFFF	22
2813	#FFFFFF	22
2814	#FFFFFF	22
2815	#FFFFFF	105
2816	#FFFFFF	22
2817	#FFFFFF	105
2818	#FFFFFF	105
2819	#FFFFFF	105
2820	#FFFFFF	105
2821	#FFFFFF	105
2822	#FFFFFF	105
2823	#FFFFFF	105
2824	#FFFFFF	22
2825	#FFFFFF	22
2826	#FFFFFF	22
2827	#FFFFFF	22
2828	#FFFFFF	22
2829	#FFFFFF	951
2830	#FFFFFF	951
2831	#FFFFFF	22
2832	#FFFFFF	22
2833	#FFFFFF	22
2834	#FFFFFF	22
2835	#FFFFFF	22
2836	#FFFFFF	22
2837	#FFFFFF	22
2838	#FFFFFF	22
2839	#FFFFFF	22
2840	#FFFFFF	22
2841	#FFFFFF	22
2842	#FFFFFF	22
2848	#FFFFFF	22
2849	#FFFFFF	338
2850	#FFFFFF	338
2851	#FFFFFF	22
2852	#FFFFFF	22
2853	#FFFFFF	22
2856	#FFFFFF	338
2857	#FFFFFF	338
2859	#FFFFFF	22
2860	#FFFFFF	22
2861	#FFFFFF	22
2862	#FFFFFF	22
2863	#FFFFFF	22
2864	#FFFFFF	22
2865	#FFFFFF	22
2866	#FFFFFF	22
2867	#FFFFFF	105
2868	#FFFFFF	105
2869	#FFFFFF	105
2870	#FFFFFF	105
2871	#FFFFFF	105
2872	#FFFFFF	105
2873	#FFFFFF	105
2874	#FFFFFF	22
2875	#FFFFFF	22
2876	#FFFFFF	22
2877	#FFFFFF	22
2878	#FFFFFF	22
2879	#FFFFFF	22
2880	#FFFFFF	22
2881	#FFFFFF	22
2882	#FFFFFF	22
2883	#FFFFFF	22
2884	#FFFFFF	22
2885	#FFFFFF	22
2886	#FFFFFF	22
2887	#FFFFFF	22
2888	#FFFFFF	22
2889	#FFFFFF	22
2890	#FFFFFF	22
2891	#FFFFFF	22
2892	#FFFFFF	22
2893	#FFFFFF	22
2898	#FFFFFF	791
2899	#FFFFFF	22
2900	#FFFFFF	22
2901	#FFFFFF	338
2903	#FFFFFF	22
2905	#FFFFFF	338
2907	#FFFFFF	338
2908	#FFFFFF	338
2909	#FFFFFF	22
2911	#FFFFFF	22
2912	#FFFFFF	22
2913	#FFFFFF	22
2914	#FFFFFF	22
2915	#FFFFFF	22
2916	#FFFFFF	22
2917	#FFFFFF	22
2918	#FFFFFF	105
2919	#FFFFFF	105
2920	#FFFFFF	105
2921	#FFFFFF	105
2922	#FFFFFF	105
2923	#FFFFFF	105
2924	#FFFFFF	105
2925	#FFFFFF	22
2926	#FFFFFF	22
2927	#FFFFFF	22
2928	#FFFFFF	22
2929	#FFFFFF	22
2930	#FFFFFF	22
2931	#FFFFFF	22
2932	#FFFFFF	22
2933	#FFFFFF	22
2934	#FFFFFF	22
2935	#FFFFFF	22
2936	#FFFFFF	22
2937	#FFFFFF	22
2938	#FFFFFF	22
2939	#FFFFFF	22
2940	#FFFFFF	22
2941	#FFFFFF	22
2942	#FFFFFF	22
2943	#FFFFFF	22
2944	#FFFFFF	791
2948	#FFFFFF	791
2949	#FFFFFF	22
2950	#FFFFFF	22
2951	#FFFFFF	338
2952	#FFFFFF	22
2953	#FFFFFF	22
2954	#FFFFFF	22
2955	#FFFFFF	22
2957	#FFFFFF	338
2958	#FFFFFF	338
2960	#FFFFFF	22
2961	#FFFFFF	22
2962	#FFFFFF	22
2963	#FFFFFF	22
2964	#FFFFFF	22
2965	#FFFFFF	22
2966	#FFFFFF	22
2967	#FFFFFF	22
2968	#FFFFFF	105
2969	#FFFFFF	105
2970	#FFFFFF	105
2971	#FFFFFF	105
2972	#FFFFFF	105
2973	#FFFFFF	105
2974	#FFFFFF	105
2975	#FFFFFF	22
2976	#FFFFFF	22
2977	#FFFFFF	22
2978	#FFFFFF	22
2979	#FFFFFF	22
2980	#FFFFFF	22
2981	#FFFFFF	22
2982	#FFFFFF	22
2983	#FFFFFF	22
2984	#FFFFFF	22
2985	#FFFFFF	22
2986	#FFFFFF	22
2987	#FFFFFF	22
2988	#FFFFFF	22
2989	#FFFFFF	22
2990	#FFFFFF	22
2991	#FFFFFF	22
2992	#FFFFFF	22
2993	#FFFFFF	22
2994	#FFFFFF	22
3000	#FFFFFF	22
3001	#FFFFFF	22
3002	#FFFFFF	338
3004	#FFFFFF	22
3005	#FFFFFF	338
3006	#FFFFFF	22
3007	#FFFFFF	338
3009	#FFFFFF	338
3010	#FFFFFF	338
3011	#FFFFFF	22
3012	#FFFFFF	22
3013	#FFFFFF	22
3015	#FFFFFF	22
3016	#FFFFFF	22
3017	#FFFFFF	22
3018	#FFFFFF	22
3019	#FFFFFF	22
3020	#FFFFFF	105
3021	#FFFFFF	105
3022	#FFFFFF	105
3023	#FFFFFF	105
3024	#FFFFFF	105
3025	#FFFFFF	105
3026	#FFFFFF	22
3027	#FFFFFF	22
3028	#FFFFFF	22
3029	#FFFFFF	22
3030	#FFFFFF	22
3031	#FFFFFF	951
3032	#FFFFFF	22
3033	#FFFFFF	22
3034	#FFFFFF	22
3035	#FFFFFF	22
3036	#FFFFFF	22
3037	#FFFFFF	22
3038	#FFFFFF	22
3039	#FFFFFF	22
3040	#FFFFFF	22
3041	#FFFFFF	22
3042	#FFFFFF	22
3043	#FFFFFF	22
3044	#FFFFFF	22
3045	#FFFFFF	791
3046	#FFFFFF	22
3051	#FFFFFF	22
3052	#FFFFFF	22
3053	#FFFFFF	22
3054	#FFFFFF	338
3055	#FFFFFF	22
3056	#FFFFFF	22
3057	#FFFFFF	22
3060	#FFFFFF	338
3061	#FFFFFF	22
3062	#FFFFFF	22
3063	#FFFFFF	22
3064	#FFFFFF	22
3065	#FFFFFF	22
3066	#FFFFFF	22
3067	#FFFFFF	22
3068	#FFFFFF	22
3069	#FFFFFF	22
3070	#FFFFFF	105
3071	#FFFFFF	105
3072	#FFFFFF	105
3073	#FFFFFF	105
3074	#FFFFFF	105
3075	#FFFFFF	105
3076	#FFFFFF	22
3077	#FFFFFF	22
3078	#FFFFFF	22
3079	#FFFFFF	22
3080	#FFFFFF	22
3081	#FFFFFF	951
3082	#FFFFFF	22
3083	#FFFFFF	22
3084	#FFFFFF	22
3085	#FFFFFF	22
3086	#FFFFFF	22
3087	#FFFFFF	22
3088	#FFFFFF	22
3089	#FFFFFF	22
3090	#FFFFFF	22
3091	#FFFFFF	22
3092	#FFFFFF	22
3093	#FFFFFF	22
3094	#FFFFFF	22
3095	#FFFFFF	22
3096	#FFFFFF	22
3097	#FFFFFF	22
3103	#FFFFFF	22
3104	#FFFFFF	22
3105	#FFFFFF	22
3106	#FFFFFF	338
3109	#FFFFFF	22
3111	#FFFFFF	22
3112	#FFFFFF	22
3113	#FFFFFF	22
3114	#FFFFFF	22
3115	#FFFFFF	22
3116	#FFFFFF	22
3117	#FFFFFF	22
3118	#FFFFFF	22
3119	#FFFFFF	22
3120	#FFFFFF	22
3121	#FFFFFF	105
3122	#FFFFFF	105
3123	#FFFFFF	105
3124	#FFFFFF	105
3125	#FFFFFF	22
3126	#FFFFFF	22
3127	#FFFFFF	22
3128	#FFFFFF	22
3129	#FFFFFF	951
3130	#FFFFFF	22
3131	#FFFFFF	22
3132	#FFFFFF	951
3133	#FFFFFF	22
3134	#FFFFFF	22
3135	#FFFFFF	22
3136	#FFFFFF	22
3137	#FFFFFF	22
3138	#FFFFFF	22
3139	#FFFFFF	22
3140	#FFFFFF	22
3141	#FFFFFF	22
3142	#FFFFFF	22
3143	#FFFFFF	22
3144	#FFFFFF	22
3145	#FFFFFF	22
3146	#FFFFFF	22
3147	#FFFFFF	22
3148	#FFFFFF	791
3153	#FFFFFF	22
3154	#FFFFFF	22
3155	#FFFFFF	22
3156	#FFFFFF	951
3157	#FFFFFF	338
3161	#FFFFFF	338
3162	#FFFFFF	22
3163	#FFFFFF	22
3164	#FFFFFF	22
3165	#FFFFFF	22
3166	#FFFFFF	22
3167	#FFFFFF	951
3168	#FFFFFF	22
3169	#FFFFFF	22
3170	#FFFFFF	22
3171	#FFFFFF	22
3172	#FFFFFF	105
3173	#FFFFFF	22
3174	#FFFFFF	22
3175	#FFFFFF	22
3176	#FFFFFF	22
3177	#FFFFFF	22
3178	#FFFFFF	951
3179	#FFFFFF	22
3180	#FFFFFF	22
3181	#FFFFFF	22
3182	#FFFFFF	799
3183	#FFFFFF	951
3184	#FFFFFF	951
3185	#FFFFFF	22
3186	#FFFFFF	22
3187	#FFFFFF	22
3188	#FFFFFF	22
3189	#FFFFFF	22
3190	#FFFFFF	22
3191	#FFFFFF	22
3192	#FFFFFF	22
3193	#FFFFFF	22
3194	#FFFFFF	22
3195	#FFFFFF	951
3196	#FFFFFF	22
3197	#FFFFFF	22
3198	#FFFFFF	791
3199	#FFFFFF	791
3204	#FFFFFF	338
3205	#FFFFFF	22
3206	#FFFFFF	951
3207	#FFFFFF	22
3210	#FFFFFF	22
3213	#FFFFFF	22
3214	#FFFFFF	22
3215	#FFFFFF	22
3216	#FFFFFF	22
3217	#FFFFFF	951
3218	#FFFFFF	22
3219	#FFFFFF	22
3220	#FFFFFF	22
3221	#FFFFFF	22
3222	#FFFFFF	22
3223	#FFFFFF	22
3224	#FFFFFF	22
3225	#FFFFFF	22
3226	#FFFFFF	22
3227	#FFFFFF	22
3228	#FFFFFF	951
3229	#FFFFFF	951
3230	#FFFFFF	22
3231	#FFFFFF	951
3232	#FFFFFF	951
3233	#FFFFFF	799
3234	#FFFFFF	951
3235	#FFFFFF	951
3236	#FFFFFF	22
3237	#FFFFFF	22
3238	#FFFFFF	22
3239	#FFFFFF	22
3240	#FFFFFF	22
3241	#FFFFFF	22
3242	#FFFFFF	22
3243	#FFFFFF	22
3244	#FFFFFF	22
3245	#FFFFFF	22
3246	#FFFFFF	951
3247	#FFFFFF	22
3248	#FFFFFF	22
3249	#FFFFFF	22
3250	#FFFFFF	22
3255	#FFFFFF	338
3256	#FFFFFF	22
3257	#FFFFFF	951
3258	#FFFFFF	338
3259	#FFFFFF	338
3260	#FFFFFF	22
3261	#FFFFFF	338
3263	#FFFFFF	338
3265	#FFFFFF	22
3267	#FFFFFF	22
3268	#FFFFFF	951
3269	#FFFFFF	22
3270	#FFFFFF	22
3271	#FFFFFF	22
3272	#FFFFFF	22
3273	#FFFFFF	22
3274	#FFFFFF	22
3275	#FFFFFF	22
3276	#FFFFFF	22
3277	#FFFFFF	22
3278	#FFFFFF	951
3279	#FFFFFF	22
3280	#FFFFFF	951
3281	#FFFFFF	951
3282	#FFFFFF	22
3283	#FFFFFF	799
3284	#FFFFFF	799
3285	#FFFFFF	951
3286	#FFFFFF	22
3287	#FFFFFF	22
3288	#FFFFFF	22
3289	#FFFFFF	22
3290	#FFFFFF	22
3291	#FFFFFF	22
3292	#FFFFFF	22
3293	#FFFFFF	22
3294	#FFFFFF	22
3295	#FFFFFF	22
3296	#FFFFFF	799
3297	#FFFFFF	22
3298	#FFFFFF	22
3299	#FFFFFF	22
3300	#FFFFFF	22
3301	#FFFFFF	22
3306	#FFFFFF	338
3307	#FFFFFF	22
3308	#FFFFFF	338
3309	#FFFFFF	338
3313	#FFFFFF	22
3315	#FFFFFF	22
3316	#FFFFFF	22
3317	#FFFFFF	22
3318	#FFFFFF	951
3319	#FFFFFF	22
3320	#FFFFFF	22
3321	#FFFFFF	22
3322	#FFFFFF	22
3323	#FFFFFF	22
3324	#FFFFFF	22
3325	#FFFFFF	22
3326	#FFFFFF	22
3327	#FFFFFF	22
3328	#FFFFFF	22
3329	#FFFFFF	951
3330	#FFFFFF	951
3331	#FFFFFF	22
3332	#FFFFFF	951
3333	#FFFFFF	22
3334	#FFFFFF	799
3335	#FFFFFF	799
3336	#FFFFFF	799
3337	#FFFFFF	22
3338	#FFFFFF	22
3339	#FFFFFF	22
3340	#FFFFFF	22
3341	#FFFFFF	22
3342	#FFFFFF	22
3343	#FFFFFF	22
3344	#FFFFFF	22
3345	#FFFFFF	22
3346	#FFFFFF	22
3347	#FFFFFF	22
3348	#FFFFFF	22
3349	#FFFFFF	22
3350	#FFFFFF	22
3351	#FFFFFF	22
3357	#FFFFFF	338
3358	#FFFFFF	22
3359	#FFFFFF	22
3360	#FFFFFF	338
3362	#FFFFFF	22
3364	#FFFFFF	22
3365	#FFFFFF	338
3367	#FFFFFF	22
3369	#FFFFFF	22
3370	#FFFFFF	22
3371	#FFFFFF	22
3372	#FFFFFF	22
3373	#FFFFFF	22
3374	#FFFFFF	22
3375	#FFFFFF	22
3376	#FFFFFF	22
3377	#FFFFFF	22
3378	#FFFFFF	22
3379	#FFFFFF	22
3380	#FFFFFF	951
3381	#FFFFFF	951
3382	#FFFFFF	22
3383	#FFFFFF	22
3387	#FFFFFF	35
3388	#FFFFFF	4
3389	#FFFFFF	35
3390	#FFFFFF	4
3391	#FFFFFF	4
3392	#FFFFFF	35
3393	#FFFFFF	35
3394	#FFFFFF	35
3395	#FFFFFF	35
3396	#FFFFFF	35
3397	#FFFFFF	35
3398	#FFFFFF	35
3399	#FFFFFF	35
3400	#FFFFFF	35
3401	#FFFFFF	276
3402	#FFFFFF	276
3403	#FFFFFF	276
3404	#FFFFFF	276
3405	#FFFFFF	276
3406	#FFFFFF	276
3407	#FFFFFF	35
3408	#FFFFFF	624
3409	#FFFFFF	276
3410	#FFFFFF	35
3411	#FFFFFF	35
3412	#FFFFFF	35
3413	#FFFFFF	276
3414	#FFFFFF	35
3415	#FFFFFF	35
3416	#FFFFFF	35
3417	#FFFFFF	35
3418	#FFFFFF	35
3419	#FFFFFF	624
3420	#FFFFFF	35
3421	#FFFFFF	35
3422	#FFFFFF	35
3423	#FFFFFF	35
3424	#FFFFFF	4
3425	#FFFFFF	4
3426	#FFFFFF	35
3427	#FFFFFF	35
3428	#FFFFFF	4
3429	#FFFFFF	4
3430	#FFFFFF	35
3431	#FFFFFF	35
3432	#FFFFFF	35
3433	#FFFFFF	35
3434	#FFFFFF	35
3438	#FFFFFF	4
3439	#FFFFFF	35
3440	#FFFFFF	35
3441	#FFFFFF	35
3442	#FFFFFF	4
3443	#FFFFFF	35
3444	#FFFFFF	35
3445	#FFFFFF	35
3446	#FFFFFF	35
3447	#FFFFFF	35
3448	#FFFFFF	35
3449	#FFFFFF	35
3450	#FFFFFF	35
3451	#FFFFFF	276
3452	#FFFFFF	276
3453	#FFFFFF	276
3454	#FFFFFF	276
3455	#FFFFFF	276
3456	#FFFFFF	276
3457	#FFFFFF	276
3458	#FFFFFF	276
3459	#FFFFFF	624
3460	#FFFFFF	35
3461	#FFFFFF	35
3462	#FFFFFF	35
3463	#FFFFFF	276
3464	#FFFFFF	35
3465	#FFFFFF	35
3466	#FFFFFF	35
3467	#FFFFFF	35
3468	#FFFFFF	35
3469	#FFFFFF	35
3470	#FFFFFF	624
3471	#FFFFFF	35
3472	#FFFFFF	35
3473	#FFFFFF	35
3474	#FFFFFF	35
3475	#FFFFFF	35
3476	#FFFFFF	35
3477	#FFFFFF	35
3479	#FFFFFF	4
3480	#FFFFFF	915
3481	#FFFFFF	35
3482	#FFFFFF	35
3483	#FFFFFF	35
3484	#FFFFFF	35
3485	#FFFFFF	799
3486	#FFFFFF	799
3487	#FFFFFF	799
3488	#FFFFFF	22
3489	#FFFFFF	22
3490	#FFFFFF	22
3491	#FFFFFF	22
3492	#FFFFFF	22
3493	#FFFFFF	22
3494	#FFFFFF	22
3495	#FFFFFF	22
3496	#FFFFFF	22
3497	#FFFFFF	22
3498	#FFFFFF	22
3499	#FFFFFF	22
3500	#FFFFFF	22
3501	#FFFFFF	22
3502	#FFFFFF	22
3503	#FFFFFF	22
3504	#FFFFFF	22
3509	#FFFFFF	22
3510	#FFFFFF	22
3511	#FFFFFF	22
3512	#FFFFFF	22
3513	#FFFFFF	338
3514	#FFFFFF	338
3515	#FFFFFF	22
3517	#FFFFFF	22
3518	#FFFFFF	22
3519	#FFFFFF	22
3520	#FFFFFF	22
3521	#FFFFFF	22
3522	#FFFFFF	22
3523	#FFFFFF	22
3524	#FFFFFF	22
3525	#FFFFFF	22
3526	#FFFFFF	22
3527	#FFFFFF	22
3528	#FFFFFF	22
3529	#FFFFFF	22
3530	#FFFFFF	22
3531	#FFFFFF	22
3532	#FFFFFF	951
3533	#FFFFFF	951
3534	#FFFFFF	951
3535	#FFFFFF	22
3536	#FFFFFF	799
3537	#FFFFFF	799
3538	#FFFFFF	799
3539	#FFFFFF	22
3540	#FFFFFF	22
3541	#FFFFFF	22
3542	#FFFFFF	22
3543	#FFFFFF	22
3544	#FFFFFF	22
3545	#FFFFFF	22
3546	#FFFFFF	22
3547	#FFFFFF	22
3548	#FFFFFF	22
3549	#FFFFFF	22
3550	#FFFFFF	22
3551	#FFFFFF	22
3552	#FFFFFF	22
3553	#FFFFFF	22
3554	#FFFFFF	22
3555	#FFFFFF	22
3560	#FFFFFF	22
3562	#FFFFFF	22
3563	#FFFFFF	22
3566	#FFFFFF	338
3569	#FFFFFF	22
3570	#FFFFFF	22
3571	#FFFFFF	22
3572	#FFFFFF	22
3574	#FFFFFF	22
3575	#FFFFFF	22
3576	#FFFFFF	22
3577	#FFFFFF	22
3578	#FFFFFF	22
3579	#FFFFFF	22
3580	#FFFFFF	22
3581	#FFFFFF	951
3582	#FFFFFF	951
3583	#FFFFFF	951
3584	#FFFFFF	22
3585	#FFFFFF	22
3586	#FFFFFF	799
3587	#FFFFFF	799
3588	#FFFFFF	799
3589	#FFFFFF	22
3590	#FFFFFF	22
3591	#FFFFFF	22
3592	#FFFFFF	22
3593	#FFFFFF	22
3594	#FFFFFF	22
3595	#FFFFFF	22
3596	#FFFFFF	22
3597	#FFFFFF	22
3598	#FFFFFF	22
3599	#FFFFFF	22
3600	#FFFFFF	22
3601	#FFFFFF	22
3602	#FFFFFF	22
3603	#FFFFFF	22
3604	#FFFFFF	22
3605	#FFFFFF	22
3606	#FFFFFF	22
3610	#FFFFFF	22
3612	#FFFFFF	22
3613	#FFFFFF	22
3614	#FFFFFF	338
3615	#FFFFFF	338
3616	#FFFFFF	338
3617	#FFFFFF	22
3619	#FFFFFF	22
3620	#FFFFFF	22
3621	#FFFFFF	22
3622	#FFFFFF	22
3623	#FFFFFF	22
3624	#FFFFFF	22
3625	#FFFFFF	22
3626	#FFFFFF	22
3627	#FFFFFF	22
3628	#FFFFFF	22
3629	#FFFFFF	22
3630	#FFFFFF	22
3631	#FFFFFF	22
3632	#FFFFFF	22
3633	#FFFFFF	951
3634	#FFFFFF	951
3635	#FFFFFF	951
3636	#FFFFFF	22
3637	#FFFFFF	799
3638	#FFFFFF	799
3639	#FFFFFF	22
3640	#FFFFFF	22
3641	#FFFFFF	22
3642	#FFFFFF	22
3643	#FFFFFF	22
3644	#FFFFFF	22
3645	#FFFFFF	22
3646	#FFFFFF	22
3647	#FFFFFF	22
3648	#FFFFFF	22
3649	#FFFFFF	22
3650	#FFFFFF	22
3651	#FFFFFF	22
3652	#FFFFFF	22
3653	#FFFFFF	22
3654	#FFFFFF	22
3655	#FFFFFF	22
3656	#FFFFFF	22
3657	#FFFFFF	22
3661	#FFFFFF	22
3663	#FFFFFF	22
3664	#FFFFFF	22
3665	#FFFFFF	338
3666	#FFFFFF	22
3668	#FFFFFF	338
3669	#FFFFFF	22
3671	#FFFFFF	22
3672	#FFFFFF	22
3673	#FFFFFF	22
3674	#FFFFFF	22
3675	#FFFFFF	22
3676	#FFFFFF	22
3677	#FFFFFF	22
3678	#FFFFFF	22
3679	#FFFFFF	22
3680	#FFFFFF	22
3681	#FFFFFF	22
3682	#FFFFFF	22
3683	#FFFFFF	951
3684	#FFFFFF	951
3685	#FFFFFF	22
3686	#FFFFFF	22
3688	#FFFFFF	799
3689	#FFFFFF	799
3690	#FFFFFF	22
3691	#FFFFFF	22
3692	#FFFFFF	22
3693	#FFFFFF	22
3694	#FFFFFF	22
3695	#FFFFFF	22
3696	#FFFFFF	22
3697	#FFFFFF	22
3698	#FFFFFF	22
3699	#FFFFFF	22
3700	#FFFFFF	22
3701	#FFFFFF	22
3702	#FFFFFF	22
3703	#FFFFFF	22
3704	#FFFFFF	22
3705	#FFFFFF	22
3706	#FFFFFF	22
3707	#FFFFFF	22
3708	#FFFFFF	22
3711	#FFFFFF	22
3714	#FFFFFF	22
3715	#FFFFFF	22
3716	#FFFFFF	338
3717	#FFFFFF	22
3718	#FFFFFF	338
3721	#FFFFFF	22
3722	#FFFFFF	22
3723	#FFFFFF	22
3724	#FFFFFF	22
3725	#FFFFFF	22
3726	#FFFFFF	22
3727	#FFFFFF	22
3728	#FFFFFF	22
3729	#FFFFFF	22
3730	#FFFFFF	22
3731	#FFFFFF	22
3732	#FFFFFF	22
3733	#FFFFFF	22
3734	#FFFFFF	951
3735	#FFFFFF	951
3736	#FFFFFF	22
3737	#FFFFFF	22
3738	#FFFFFF	334
3739	#FFFFFF	799
3740	#FFFFFF	22
3741	#FFFFFF	22
3742	#FFFFFF	22
3743	#FFFFFF	22
3744	#FFFFFF	22
3745	#FFFFFF	22
3746	#FFFFFF	22
3747	#FFFFFF	22
3748	#FFFFFF	22
3749	#FFFFFF	22
3750	#FFFFFF	22
3751	#FFFFFF	22
3752	#FFFFFF	22
3753	#FFFFFF	22
3754	#FFFFFF	22
3755	#FFFFFF	22
3756	#FFFFFF	22
3757	#FFFFFF	22
3758	#FFFFFF	22
3759	#FFFFFF	22
3762	#FFFFFF	799
3766	#FFFFFF	22
3767	#FFFFFF	22
3770	#FFFFFF	22
3772	#FFFFFF	22
3773	#FFFFFF	22
3774	#FFFFFF	22
3775	#FFFFFF	22
3776	#FFFFFF	256
3777	#FFFFFF	256
3778	#FFFFFF	22
3779	#FFFFFF	22
3780	#FFFFFF	22
3781	#FFFFFF	22
3782	#FFFFFF	22
3783	#FFFFFF	22
3784	#FFFFFF	22
3785	#FFFFFF	22
3786	#FFFFFF	22
3787	#FFFFFF	22
3789	#FFFFFF	334
3790	#FFFFFF	799
3791	#FFFFFF	22
3792	#FFFFFF	22
3793	#FFFFFF	22
3794	#FFFFFF	22
3795	#FFFFFF	22
3796	#FFFFFF	22
3797	#FFFFFF	22
3798	#FFFFFF	22
3799	#FFFFFF	22
3800	#FFFFFF	22
3801	#FFFFFF	22
3802	#FFFFFF	22
3803	#FFFFFF	22
3804	#FFFFFF	22
3805	#FFFFFF	22
3806	#FFFFFF	22
3807	#FFFFFF	22
3808	#FFFFFF	22
3809	#FFFFFF	22
3810	#FFFFFF	22
3812	#FFFFFF	799
3816	#FFFFFF	22
3817	#FFFFFF	22
3818	#FFFFFF	338
3819	#FFFFFF	22
3820	#FFFFFF	338
3822	#FFFFFF	338
3823	#FFFFFF	22
3825	#FFFFFF	22
3827	#FFFFFF	256
3828	#FFFFFF	256
3829	#FFFFFF	256
3830	#FFFFFF	22
3831	#FFFFFF	22
3832	#FFFFFF	22
3833	#FFFFFF	22
3834	#FFFFFF	22
3835	#FFFFFF	22
3836	#FFFFFF	22
3837	#FFFFFF	22
3838	#FFFFFF	22
3839	#FFFFFF	334
3840	#FFFFFF	334
3841	#FFFFFF	799
3842	#FFFFFF	22
3843	#FFFFFF	22
3844	#FFFFFF	22
3845	#FFFFFF	22
3846	#FFFFFF	22
3847	#FFFFFF	22
3848	#FFFFFF	22
3849	#FFFFFF	22
3850	#FFFFFF	22
3851	#FFFFFF	22
3852	#FFFFFF	799
3853	#FFFFFF	22
3854	#FFFFFF	22
3855	#FFFFFF	22
3856	#FFFFFF	22
3857	#FFFFFF	22
3858	#FFFFFF	22
3859	#FFFFFF	22
3860	#FFFFFF	22
3861	#FFFFFF	22
3863	#FFFFFF	22
3867	#FFFFFF	22
3868	#FFFFFF	22
3869	#FFFFFF	22
3870	#FFFFFF	338
3873	#FFFFFF	22
3874	#FFFFFF	22
3876	#FFFFFF	22
3877	#FFFFFF	256
3878	#FFFFFF	256
3879	#FFFFFF	256
3880	#FFFFFF	22
3881	#FFFFFF	22
3882	#FFFFFF	22
3883	#FFFFFF	22
3884	#FFFFFF	22
3885	#FFFFFF	22
3886	#FFFFFF	22
3887	#FFFFFF	22
3888	#FFFFFF	22
3889	#FFFFFF	334
3890	#FFFFFF	334
3891	#FFFFFF	334
3892	#FFFFFF	22
3893	#FFFFFF	22
3894	#FFFFFF	22
3895	#FFFFFF	22
3896	#FFFFFF	22
3897	#FFFFFF	22
3898	#FFFFFF	22
3899	#FFFFFF	22
3900	#FFFFFF	22
3901	#FFFFFF	22
3902	#FFFFFF	799
3903	#FFFFFF	22
3904	#FFFFFF	22
3905	#FFFFFF	22
3906	#FFFFFF	22
3907	#FFFFFF	22
3908	#FFFFFF	22
3909	#FFFFFF	22
3910	#FFFFFF	22
3911	#FFFFFF	22
3912	#FFFFFF	22
3913	#FFFFFF	22
3918	#FFFFFF	22
3919	#FFFFFF	22
3920	#FFFFFF	338
3922	#FFFFFF	338
3924	#FFFFFF	22
3927	#FFFFFF	256
3928	#FFFFFF	256
3929	#FFFFFF	256
3930	#FFFFFF	256
3931	#FFFFFF	22
3932	#FFFFFF	22
3933	#FFFFFF	22
3934	#FFFFFF	22
3935	#FFFFFF	22
3936	#FFFFFF	22
3937	#FFFFFF	22
3938	#FFFFFF	22
3939	#FFFFFF	22
3940	#FFFFFF	334
3941	#FFFFFF	334
3942	#FFFFFF	799
3943	#FFFFFF	22
3944	#FFFFFF	22
3945	#FFFFFF	22
3946	#FFFFFF	22
3947	#FFFFFF	22
3948	#FFFFFF	22
3949	#FFFFFF	22
3950	#FFFFFF	22
3951	#FFFFFF	22
3952	#FFFFFF	22
3953	#FFFFFF	22
3954	#FFFFFF	22
3955	#FFFFFF	22
3956	#FFFFFF	22
3957	#FFFFFF	22
3958	#FFFFFF	22
3959	#FFFFFF	22
3960	#FFFFFF	22
3961	#FFFFFF	22
3962	#FFFFFF	22
3963	#FFFFFF	22
3964	#FFFFFF	22
3970	#FFFFFF	22
3971	#FFFFFF	22
3973	#FFFFFF	22
3975	#FFFFFF	22
3976	#FFFFFF	22
3977	#FFFFFF	256
3978	#FFFFFF	256
3979	#FFFFFF	256
3980	#FFFFFF	256
3981	#FFFFFF	256
3982	#FFFFFF	22
3983	#FFFFFF	22
3984	#FFFFFF	22
3985	#FFFFFF	22
3986	#FFFFFF	22
3987	#FFFFFF	22
3988	#FFFFFF	22
3989	#FFFFFF	22
3990	#FFFFFF	334
3991	#FFFFFF	334
3992	#FFFFFF	334
3993	#FFFFFF	22
3994	#FFFFFF	22
3995	#FFFFFF	22
3996	#FFFFFF	22
3997	#FFFFFF	22
3998	#FFFFFF	22
3999	#FFFFFF	22
4000	#FFFFFF	22
4001	#FFFFFF	22
4002	#FFFFFF	22
4003	#FFFFFF	799
4004	#FFFFFF	22
4005	#FFFFFF	22
4006	#FFFFFF	22
4007	#FFFFFF	22
4008	#FFFFFF	22
4009	#FFFFFF	22
4010	#FFFFFF	22
4011	#FFFFFF	22
4012	#FFFFFF	22
4013	#FFFFFF	22
4014	#FFFFFF	799
4018	#FFFFFF	49
4021	#FFFFFF	22
4022	#FFFFFF	22
4023	#FFFFFF	338
4024	#FFFFFF	22
4025	#FFFFFF	22
4026	#FFFFFF	22
4028	#FFFFFF	256
4029	#FFFFFF	256
4030	#FFFFFF	256
4032	#FFFFFF	22
4033	#FFFFFF	22
4034	#FFFFFF	22
4035	#FFFFFF	22
4036	#FFFFFF	22
4037	#FFFFFF	22
4038	#FFFFFF	22
4039	#FFFFFF	22
4040	#FFFFFF	22
4044	#FFFFFF	35
4045	#FFFFFF	35
4046	#FFFFFF	35
4047	#FFFFFF	35
4048	#FFFFFF	4
4049	#FFFFFF	35
4050	#FFFFFF	35
4051	#FFFFFF	35
4052	#FFFFFF	35
4053	#FFFFFF	35
4055	#FFFFFF	35
4056	#FFFFFF	35
4057	#FFFFFF	276
4058	#FFFFFF	276
4059	#FFFFFF	276
4060	#FFFFFF	276
4061	#FFFFFF	276
4062	#FFFFFF	276
4063	#FFFFFF	276
4064	#FFFFFF	276
4065	#FFFFFF	624
4066	#FFFFFF	276
4067	#FFFFFF	276
4068	#FFFFFF	35
4069	#FFFFFF	35
4070	#FFFFFF	276
4071	#FFFFFF	276
4072	#FFFFFF	35
4073	#FFFFFF	276
4074	#FFFFFF	35
4075	#FFFFFF	35
4076	#FFFFFF	624
4077	#FFFFFF	35
4078	#FFFFFF	35
4079	#FFFFFF	35
4080	#FFFFFF	35
4081	#FFFFFF	35
4082	#FFFFFF	35
4083	#FFFFFF	35
4084	#FFFFFF	35
4085	#FFFFFF	4
4086	#FFFFFF	35
4087	#FFFFFF	915
4088	#FFFFFF	35
4089	#FFFFFF	35
4090	#FFFFFF	35
4091	#FFFFFF	35
4095	#FFFFFF	35
4096	#FFFFFF	35
4097	#FFFFFF	35
4098	#FFFFFF	4
4099	#FFFFFF	35
4100	#FFFFFF	35
4101	#FFFFFF	35
4102	#FFFFFF	35
4103	#FFFFFF	35
4104	#FFFFFF	35
4106	#FFFFFF	35
4107	#FFFFFF	276
4108	#FFFFFF	276
4109	#FFFFFF	276
4110	#FFFFFF	276
4111	#FFFFFF	276
4112	#FFFFFF	276
4113	#FFFFFF	276
4114	#FFFFFF	276
4115	#FFFFFF	276
4116	#FFFFFF	624
4117	#FFFFFF	276
4118	#FFFFFF	276
4119	#FFFFFF	276
4120	#FFFFFF	276
4121	#FFFFFF	276
4122	#FFFFFF	276
4123	#FFFFFF	276
4124	#FFFFFF	276
4125	#FFFFFF	35
4126	#FFFFFF	35
4128	#FFFFFF	35
4129	#FFFFFF	35
4130	#FFFFFF	35
4131	#FFFFFF	35
4132	#FFFFFF	35
4133	#FFFFFF	35
4134	#FFFFFF	35
4135	#FFFFFF	35
4136	#FFFFFF	35
4138	#FFFFFF	35
4139	#FFFFFF	35
4140	#FFFFFF	35
4141	#FFFFFF	35
4143	#FFFFFF	624
4144	#FFFFFF	35
4145	#FFFFFF	35
4146	#FFFFFF	35
4147	#FFFFFF	35
4148	#FFFFFF	35
4149	#FFFFFF	35
4150	#FFFFFF	35
4151	#FFFFFF	35
4152	#FFFFFF	35
4153	#FFFFFF	35
4154	#FFFFFF	35
4156	#FFFFFF	35
4157	#FFFFFF	276
4158	#FFFFFF	276
4159	#FFFFFF	276
4160	#FFFFFF	276
4161	#FFFFFF	276
4162	#FFFFFF	276
4163	#FFFFFF	276
4164	#FFFFFF	276
4165	#FFFFFF	276
4166	#FFFFFF	624
4167	#FFFFFF	276
4168	#FFFFFF	276
4170	#FFFFFF	276
4171	#FFFFFF	276
4172	#FFFFFF	276
4173	#FFFFFF	276
4174	#FFFFFF	35
4175	#FFFFFF	35
4176	#FFFFFF	35
4177	#FFFFFF	915
4178	#FFFFFF	35
4179	#FFFFFF	35
4180	#FFFFFF	35
4181	#FFFFFF	35
4182	#FFFFFF	35
4183	#FFFFFF	35
4184	#FFFFFF	35
4186	#FFFFFF	35
4187	#FFFFFF	35
4188	#FFFFFF	624
4189	#FFFFFF	915
4190	#FFFFFF	624
4191	#FFFFFF	35
4192	#FFFFFF	35
4194	#FFFFFF	624
4196	#FFFFFF	35
4197	#FFFFFF	35
4198	#FFFFFF	35
4199	#FFFFFF	35
4200	#FFFFFF	35
4201	#FFFFFF	35
4202	#FFFFFF	35
4203	#FFFFFF	35
4204	#FFFFFF	35
4205	#FFFFFF	35
4207	#FFFFFF	276
4208	#FFFFFF	35
4209	#FFFFFF	276
4210	#FFFFFF	276
4211	#FFFFFF	276
4212	#FFFFFF	276
4213	#FFFFFF	276
4214	#FFFFFF	276
4215	#FFFFFF	276
4216	#FFFFFF	276
4217	#FFFFFF	915
4218	#FFFFFF	276
4219	#FFFFFF	276
4220	#FFFFFF	276
4221	#FFFFFF	276
4222	#FFFFFF	276
4223	#FFFFFF	35
4224	#FFFFFF	276
4225	#FFFFFF	35
4226	#FFFFFF	35
4227	#FFFFFF	35
4228	#FFFFFF	624
4229	#FFFFFF	35
4230	#FFFFFF	35
4231	#FFFFFF	35
4232	#FFFFFF	35
4233	#FFFFFF	35
4234	#FFFFFF	35
4235	#FFFFFF	35
4237	#FFFFFF	97
4238	#FFFFFF	624
4239	#FFFFFF	624
4240	#FFFFFF	35
4241	#FFFFFF	35
4242	#FFFFFF	35
4243	#FFFFFF	624
4245	#FFFFFF	624
4246	#FFFFFF	35
4247	#FFFFFF	35
4248	#FFFFFF	35
4249	#FFFFFF	35
4250	#FFFFFF	35
4251	#FFFFFF	35
4252	#FFFFFF	35
4253	#FFFFFF	35
4254	#FFFFFF	35
4255	#FFFFFF	35
4257	#FFFFFF	35
4258	#FFFFFF	35
4259	#FFFFFF	35
4260	#FFFFFF	276
4261	#FFFFFF	35
4262	#FFFFFF	276
4263	#FFFFFF	35
4264	#FFFFFF	276
4265	#FFFFFF	276
4266	#FFFFFF	276
4267	#FFFFFF	35
4268	#FFFFFF	276
4269	#FFFFFF	276
4270	#FFFFFF	276
4271	#FFFFFF	276
4272	#FFFFFF	35
4273	#FFFFFF	276
4274	#FFFFFF	35
4275	#FFFFFF	35
4276	#FFFFFF	35
4277	#FFFFFF	35
4279	#FFFFFF	35
4280	#FFFFFF	35
4281	#FFFFFF	35
4282	#FFFFFF	35
4283	#FFFFFF	35
4284	#FFFFFF	35
4285	#FFFFFF	35
4286	#FFFFFF	35
4287	#FFFFFF	97
4288	#FFFFFF	97
4289	#FFFFFF	915
4290	#FFFFFF	624
4291	#FFFFFF	35
4292	#FFFFFF	35
4293	#FFFFFF	35
4294	#FFFFFF	624
4295	#FFFFFF	624
4296	#FFFFFF	624
4297	#FFFFFF	35
4298	#FFFFFF	35
4299	#FFFFFF	35
4300	#FFFFFF	35
4301	#FFFFFF	35
4302	#FFFFFF	35
4303	#FFFFFF	35
4304	#FFFFFF	35
4305	#FFFFFF	35
4306	#FFFFFF	35
4307	#FFFFFF	35
4308	#FFFFFF	35
4309	#FFFFFF	35
4310	#FFFFFF	35
4311	#FFFFFF	276
4312	#FFFFFF	35
4313	#FFFFFF	276
4314	#FFFFFF	35
4315	#FFFFFF	276
4316	#FFFFFF	276
4317	#FFFFFF	276
4319	#FFFFFF	276
4320	#FFFFFF	276
4321	#FFFFFF	276
4322	#FFFFFF	276
4323	#FFFFFF	35
4324	#FFFFFF	35
4325	#FFFFFF	35
4326	#FFFFFF	35
4327	#FFFFFF	35
4328	#FFFFFF	35
4329	#FFFFFF	915
4330	#FFFFFF	35
4331	#FFFFFF	35
4332	#FFFFFF	35
4333	#FFFFFF	35
4334	#FFFFFF	35
4335	#FFFFFF	35
4336	#FFFFFF	35
4338	#FFFFFF	97
4339	#FFFFFF	624
4340	#FFFFFF	624
4341	#FFFFFF	35
4342	#FFFFFF	35
4343	#FFFFFF	35
4344	#FFFFFF	624
4345	#FFFFFF	624
4346	#FFFFFF	35
4347	#FFFFFF	35
4348	#FFFFFF	35
4349	#FFFFFF	35
4350	#FFFFFF	35
4351	#FFFFFF	35
4352	#FFFFFF	35
4353	#FFFFFF	35
4354	#FFFFFF	35
4355	#FFFFFF	35
4356	#FFFFFF	35
4357	#FFFFFF	35
4358	#FFFFFF	35
4359	#FFFFFF	35
4360	#FFFFFF	35
4361	#FFFFFF	35
4362	#FFFFFF	276
4363	#FFFFFF	35
4364	#FFFFFF	35
4365	#FFFFFF	276
4366	#FFFFFF	276
4367	#FFFFFF	276
4369	#FFFFFF	276
4370	#FFFFFF	276
4371	#FFFFFF	276
4372	#FFFFFF	276
4373	#FFFFFF	35
4374	#FFFFFF	35
4375	#FFFFFF	35
4376	#FFFFFF	35
4377	#FFFFFF	35
4378	#FFFFFF	35
4379	#FFFFFF	915
4380	#FFFFFF	35
4381	#FFFFFF	35
4382	#FFFFFF	35
4383	#FFFFFF	35
4384	#FFFFFF	35
4385	#FFFFFF	35
4386	#FFFFFF	35
4387	#FFFFFF	97
4388	#FFFFFF	97
4389	#FFFFFF	97
4391	#FFFFFF	35
4392	#FFFFFF	35
4394	#FFFFFF	35
4395	#FFFFFF	624
4396	#FFFFFF	35
4398	#FFFFFF	35
4399	#FFFFFF	35
4400	#FFFFFF	35
4401	#FFFFFF	35
4402	#FFFFFF	35
4403	#FFFFFF	35
4404	#FFFFFF	35
4405	#FFFFFF	35
4406	#FFFFFF	35
4407	#FFFFFF	35
4408	#FFFFFF	35
4409	#FFFFFF	35
4410	#FFFFFF	35
4411	#FFFFFF	35
4412	#FFFFFF	276
4413	#FFFFFF	276
4414	#FFFFFF	35
4415	#FFFFFF	35
4416	#FFFFFF	276
4417	#FFFFFF	276
4418	#FFFFFF	276
4419	#FFFFFF	915
4420	#FFFFFF	276
4421	#FFFFFF	276
4422	#FFFFFF	276
4423	#FFFFFF	276
4424	#FFFFFF	35
4425	#FFFFFF	35
4426	#FFFFFF	35
4427	#FFFFFF	35
4428	#FFFFFF	35
4429	#FFFFFF	35
4430	#FFFFFF	915
4431	#FFFFFF	35
4432	#FFFFFF	35
4433	#FFFFFF	35
4434	#FFFFFF	35
4435	#FFFFFF	35
4436	#FFFFFF	35
4437	#FFFFFF	35
4438	#FFFFFF	97
4439	#FFFFFF	35
4440	#FFFFFF	35
4441	#FFFFFF	35
4442	#FFFFFF	35
4443	#FFFFFF	35
4444	#FFFFFF	35
4445	#FFFFFF	35
4446	#FFFFFF	624
4447	#FFFFFF	35
4448	#FFFFFF	35
4449	#FFFFFF	35
4450	#FFFFFF	35
4451	#FFFFFF	35
4452	#FFFFFF	35
4453	#FFFFFF	35
4454	#FFFFFF	35
4455	#FFFFFF	35
4456	#FFFFFF	35
4457	#FFFFFF	35
4459	#FFFFFF	35
4460	#FFFFFF	35
4461	#FFFFFF	35
4462	#FFFFFF	35
4463	#FFFFFF	35
4464	#FFFFFF	35
4465	#FFFFFF	35
4466	#FFFFFF	35
4467	#FFFFFF	276
4468	#FFFFFF	276
4470	#FFFFFF	276
4471	#FFFFFF	276
4472	#FFFFFF	276
4473	#FFFFFF	276
4474	#FFFFFF	276
4475	#FFFFFF	35
4476	#FFFFFF	35
4477	#FFFFFF	35
4478	#FFFFFF	35
4479	#FFFFFF	35
4481	#FFFFFF	35
4482	#FFFFFF	35
4483	#FFFFFF	35
4484	#FFFFFF	35
4486	#FFFFFF	35
4487	#FFFFFF	35
4488	#FFFFFF	97
4489	#FFFFFF	97
4493	#FFFFFF	915
4494	#FFFFFF	35
4495	#FFFFFF	35
4496	#FFFFFF	35
4497	#FFFFFF	35
4498	#FFFFFF	35
4499	#FFFFFF	35
4500	#FFFFFF	35
4501	#FFFFFF	35
4502	#FFFFFF	35
4503	#FFFFFF	35
4504	#FFFFFF	35
4505	#FFFFFF	35
4506	#FFFFFF	35
4507	#FFFFFF	35
4508	#FFFFFF	35
4510	#FFFFFF	35
4511	#FFFFFF	35
4512	#FFFFFF	35
4513	#FFFFFF	35
4514	#FFFFFF	35
4515	#FFFFFF	35
4516	#FFFFFF	35
4517	#FFFFFF	276
4518	#FFFFFF	276
4519	#FFFFFF	276
4520	#FFFFFF	915
4521	#FFFFFF	276
4522	#FFFFFF	276
4523	#FFFFFF	276
4524	#FFFFFF	35
4525	#FFFFFF	35
4526	#FFFFFF	35
4527	#FFFFFF	35
4528	#FFFFFF	35
4529	#FFFFFF	35
4530	#FFFFFF	35
4533	#FFFFFF	35
4534	#FFFFFF	35
4535	#FFFFFF	35
4536	#FFFFFF	35
4537	#FFFFFF	35
4538	#FFFFFF	35
4539	#FFFFFF	97
4540	#FFFFFF	97
4541	#FFFFFF	915
4543	#FFFFFF	35
4544	#FFFFFF	35
4545	#FFFFFF	35
4546	#FFFFFF	35
4547	#FFFFFF	35
4548	#FFFFFF	35
4549	#FFFFFF	4
4550	#FFFFFF	4
4551	#FFFFFF	4
4552	#FFFFFF	35
4553	#FFFFFF	35
4554	#FFFFFF	35
4555	#FFFFFF	4
4556	#FFFFFF	4
4557	#FFFFFF	35
4558	#FFFFFF	35
4559	#FFFFFF	35
4560	#FFFFFF	35
4561	#FFFFFF	35
4562	#FFFFFF	276
4563	#FFFFFF	276
4564	#FFFFFF	35
4565	#FFFFFF	35
4567	#FFFFFF	35
4568	#FFFFFF	35
4570	#FFFFFF	35
4571	#FFFFFF	35
4572	#FFFFFF	35
4573	#FFFFFF	35
4574	#FFFFFF	35
4575	#FFFFFF	35
4576	#FFFFFF	35
4578	#FFFFFF	35
4579	#FFFFFF	35
4580	#FFFFFF	35
4581	#FFFFFF	4
4582	#FFFFFF	35
4583	#FFFFFF	35
4584	#FFFFFF	35
4585	#FFFFFF	35
4587	#FFFFFF	35
4588	#FFFFFF	35
4589	#FFFFFF	4
4590	#FFFFFF	4
4591	#FFFFFF	4
4592	#FFFFFF	4
4593	#FFFFFF	4
4594	#FFFFFF	4
4595	#FFFFFF	4
4596	#FFFFFF	4
4597	#FFFFFF	35
4598	#FFFFFF	35
4599	#FFFFFF	35
4600	#FFFFFF	4
4601	#FFFFFF	4
4602	#FFFFFF	35
4603	#FFFFFF	4
4604	#FFFFFF	35
4605	#FFFFFF	4
4606	#FFFFFF	4
4607	#FFFFFF	35
4608	#FFFFFF	35
4609	#FFFFFF	35
4610	#FFFFFF	35
4611	#FFFFFF	35
4612	#FFFFFF	35
4613	#FFFFFF	276
4614	#FFFFFF	276
4615	#FFFFFF	35
4616	#FFFFFF	35
4617	#FFFFFF	35
4618	#FFFFFF	35
4619	#FFFFFF	35
4620	#FFFFFF	35
4621	#FFFFFF	4
4622	#FFFFFF	35
4623	#FFFFFF	35
4624	#FFFFFF	35
4625	#FFFFFF	35
4626	#FFFFFF	35
4627	#FFFFFF	35
4628	#FFFFFF	35
4629	#FFFFFF	35
4630	#FFFFFF	35
4631	#FFFFFF	35
4632	#FFFFFF	4
4633	#FFFFFF	35
4634	#FFFFFF	35
4635	#FFFFFF	35
4636	#FFFFFF	35
4637	#FFFFFF	35
4638	#FFFFFF	4
4639	#FFFFFF	4
4640	#FFFFFF	4
4641	#FFFFFF	4
4642	#FFFFFF	4
4643	#FFFFFF	4
4644	#FFFFFF	4
4645	#FFFFFF	4
4646	#FFFFFF	4
4647	#FFFFFF	4
4648	#FFFFFF	4
4649	#FFFFFF	4
4650	#FFFFFF	4
4651	#FFFFFF	4
4652	#FFFFFF	4
4653	#FFFFFF	4
4654	#FFFFFF	4
4655	#FFFFFF	4
4656	#FFFFFF	4
4657	#FFFFFF	4
4658	#FFFFFF	35
4659	#FFFFFF	35
4660	#FFFFFF	35
4661	#FFFFFF	35
4662	#FFFFFF	35
4663	#FFFFFF	35
4664	#FFFFFF	35
4665	#FFFFFF	35
4666	#FFFFFF	35
4667	#FFFFFF	35
4668	#FFFFFF	35
4669	#FFFFFF	35
4670	#FFFFFF	35
4671	#FFFFFF	35
4672	#FFFFFF	35
4673	#FFFFFF	35
4674	#FFFFFF	35
4675	#FFFFFF	35
4676	#FFFFFF	35
4677	#FFFFFF	35
4678	#FFFFFF	35
4679	#FFFFFF	35
4680	#FFFFFF	35
4681	#FFFFFF	35
4682	#FFFFFF	4
4683	#FFFFFF	35
4684	#FFFFFF	35
4685	#FFFFFF	35
4686	#FFFFFF	4
4687	#FFFFFF	35
4688	#FFFFFF	35
4689	#FFFFFF	4
4690	#FFFFFF	4
4691	#FFFFFF	4
4692	#FFFFFF	4
4693	#FFFFFF	4
4694	#FFFFFF	4
4695	#FFFFFF	4
4696	#FFFFFF	4
4697	#FFFFFF	4
4698	#FFFFFF	4
4699	#FFFFFF	4
4700	#FFFFFF	4
4701	#FFFFFF	4
4702	#FFFFFF	4
4703	#FFFFFF	4
4704	#FFFFFF	4
4705	#FFFFFF	4
4706	#FFFFFF	4
4707	#FFFFFF	4
4708	#FFFFFF	4
4709	#FFFFFF	35
4710	#FFFFFF	35
4711	#FFFFFF	35
4712	#FFFFFF	35
4713	#FFFFFF	35
4714	#FFFFFF	35
4715	#FFFFFF	35
4716	#FFFFFF	35
4717	#FFFFFF	721
4718	#FFFFFF	35
4719	#FFFFFF	35
4720	#FFFFFF	35
4721	#FFFFFF	35
4722	#FFFFFF	4
4723	#FFFFFF	35
4724	#FFFFFF	35
4725	#FFFFFF	35
4726	#FFFFFF	35
4727	#FFFFFF	35
4728	#FFFFFF	35
4729	#FFFFFF	35
4730	#FFFFFF	35
4731	#FFFFFF	35
4732	#FFFFFF	35
4733	#FFFFFF	4
4734	#FFFFFF	35
4735	#FFFFFF	35
4736	#FFFFFF	35
4737	#FFFFFF	4
4738	#FFFFFF	4
4739	#FFFFFF	4
4740	#FFFFFF	4
4741	#FFFFFF	4
4742	#FFFFFF	4
4743	#FFFFFF	4
4744	#FFFFFF	4
4745	#FFFFFF	4
4746	#FFFFFF	4
4747	#FFFFFF	4
4748	#FFFFFF	4
4749	#FFFFFF	4
4750	#FFFFFF	4
4751	#FFFFFF	4
4752	#FFFFFF	4
4753	#FFFFFF	4
4754	#FFFFFF	4
4755	#FFFFFF	4
4756	#FFFFFF	4
4757	#FFFFFF	4
4758	#FFFFFF	4
4759	#FFFFFF	4
4760	#FFFFFF	35
4761	#FFFFFF	4
4762	#FFFFFF	35
4763	#FFFFFF	35
4764	#FFFFFF	35
4765	#FFFFFF	35
4766	#FFFFFF	35
4767	#FFFFFF	721
4768	#FFFFFF	721
4769	#FFFFFF	35
4770	#FFFFFF	35
4771	#FFFFFF	35
4772	#FFFFFF	4
4773	#FFFFFF	35
4774	#FFFFFF	35
4775	#FFFFFF	35
4776	#FFFFFF	35
4777	#FFFFFF	35
4778	#FFFFFF	35
4779	#FFFFFF	35
4780	#FFFFFF	35
4781	#FFFFFF	35
4782	#FFFFFF	35
4783	#FFFFFF	4
4784	#FFFFFF	35
4786	#FFFFFF	35
4787	#FFFFFF	35
4788	#FFFFFF	4
4789	#FFFFFF	4
4790	#FFFFFF	35
4791	#FFFFFF	4
4792	#FFFFFF	4
4793	#FFFFFF	4
4794	#FFFFFF	4
4795	#FFFFFF	4
4796	#FFFFFF	4
4797	#FFFFFF	4
4798	#FFFFFF	4
4799	#FFFFFF	4
4800	#FFFFFF	4
4801	#FFFFFF	4
4802	#FFFFFF	4
4803	#FFFFFF	4
4804	#FFFFFF	4
4805	#FFFFFF	4
4806	#FFFFFF	4
4807	#FFFFFF	4
4808	#FFFFFF	4
4809	#FFFFFF	4
4810	#FFFFFF	35
4811	#FFFFFF	35
4812	#FFFFFF	4
4813	#FFFFFF	4
4814	#FFFFFF	4
4815	#FFFFFF	35
4817	#FFFFFF	721
4818	#FFFFFF	35
4819	#FFFFFF	721
4820	#FFFFFF	35
4821	#FFFFFF	35
4822	#FFFFFF	35
4823	#FFFFFF	4
4824	#FFFFFF	35
4825	#FFFFFF	35
4826	#FFFFFF	35
4827	#FFFFFF	35
4828	#FFFFFF	35
4829	#FFFFFF	35
4830	#FFFFFF	35
4831	#FFFFFF	35
4832	#FFFFFF	35
4833	#FFFFFF	35
4834	#FFFFFF	4
4835	#FFFFFF	35
4836	#FFFFFF	35
4837	#FFFFFF	35
4838	#FFFFFF	35
4839	#FFFFFF	4
4840	#FFFFFF	4
4841	#FFFFFF	35
4842	#FFFFFF	4
4843	#FFFFFF	4
4844	#FFFFFF	4
4845	#FFFFFF	4
4846	#FFFFFF	4
4847	#FFFFFF	4
4848	#FFFFFF	4
4849	#FFFFFF	4
4851	#FFFFFF	4
4852	#FFFFFF	4
4853	#FFFFFF	4
4855	#FFFFFF	4
4856	#FFFFFF	4
4857	#FFFFFF	4
4858	#FFFFFF	4
4859	#FFFFFF	4
4860	#FFFFFF	35
4861	#FFFFFF	35
4862	#FFFFFF	4
4863	#FFFFFF	4
4864	#FFFFFF	4
4865	#FFFFFF	35
4866	#FFFFFF	721
4868	#FFFFFF	35
4869	#FFFFFF	35
4870	#FFFFFF	35
4871	#FFFFFF	35
4872	#FFFFFF	35
4873	#FFFFFF	4
4874	#FFFFFF	35
4875	#FFFFFF	35
4877	#FFFFFF	35
4878	#FFFFFF	35
4879	#FFFFFF	35
4880	#FFFFFF	35
4881	#FFFFFF	35
4882	#FFFFFF	35
4883	#FFFFFF	35
4884	#FFFFFF	4
4885	#FFFFFF	35
4886	#FFFFFF	35
4887	#FFFFFF	35
4888	#FFFFFF	35
4889	#FFFFFF	35
4890	#FFFFFF	35
4891	#FFFFFF	35
4892	#FFFFFF	4
4893	#FFFFFF	4
4894	#FFFFFF	4
4895	#FFFFFF	4
4896	#FFFFFF	4
4897	#FFFFFF	4
4898	#FFFFFF	4
4899	#FFFFFF	4
4900	#FFFFFF	4
4901	#FFFFFF	4
4902	#FFFFFF	4
4903	#FFFFFF	4
4904	#FFFFFF	4
4905	#FFFFFF	4
4906	#FFFFFF	4
4907	#FFFFFF	4
4908	#FFFFFF	4
4909	#FFFFFF	4
4910	#FFFFFF	4
4911	#FFFFFF	35
4912	#FFFFFF	35
4913	#FFFFFF	4
4914	#FFFFFF	4
4915	#FFFFFF	35
4917	#FFFFFF	721
4918	#FFFFFF	35
4919	#FFFFFF	35
4920	#FFFFFF	35
4921	#FFFFFF	35
4923	#FFFFFF	35
4924	#FFFFFF	4
4925	#FFFFFF	35
4926	#FFFFFF	35
4927	#FFFFFF	35
4928	#FFFFFF	35
4929	#FFFFFF	35
4930	#FFFFFF	35
4931	#FFFFFF	35
4932	#FFFFFF	35
4933	#FFFFFF	35
4934	#FFFFFF	35
4935	#FFFFFF	4
4936	#FFFFFF	35
4937	#FFFFFF	35
4938	#FFFFFF	35
4939	#FFFFFF	35
4941	#FFFFFF	35
4942	#FFFFFF	4
4943	#FFFFFF	4
4944	#FFFFFF	4
4945	#FFFFFF	4
4946	#FFFFFF	4
4947	#FFFFFF	4
4948	#FFFFFF	4
4949	#FFFFFF	4
4950	#FFFFFF	4
4951	#FFFFFF	4
4952	#FFFFFF	4
4953	#FFFFFF	4
4954	#FFFFFF	4
4955	#FFFFFF	4
4956	#FFFFFF	4
4957	#FFFFFF	4
4958	#FFFFFF	4
4959	#FFFFFF	4
4960	#FFFFFF	4
4961	#FFFFFF	4
4962	#FFFFFF	35
4963	#FFFFFF	4
4964	#FFFFFF	4
4965	#FFFFFF	35
4967	#FFFFFF	35
4968	#FFFFFF	721
4969	#FFFFFF	721
4970	#FFFFFF	35
4971	#FFFFFF	35
4972	#FFFFFF	35
4973	#FFFFFF	35
4974	#FFFFFF	4
4975	#FFFFFF	35
4976	#FFFFFF	35
4977	#FFFFFF	35
4978	#FFFFFF	35
4979	#FFFFFF	35
4980	#FFFFFF	35
4981	#FFFFFF	35
4982	#FFFFFF	35
4983	#FFFFFF	35
4984	#FFFFFF	35
4985	#FFFFFF	4
4986	#FFFFFF	35
4989	#FFFFFF	35
4990	#FFFFFF	35
4991	#FFFFFF	35
4992	#FFFFFF	35
4993	#FFFFFF	4
4994	#FFFFFF	4
4995	#FFFFFF	4
4996	#FFFFFF	4
4997	#FFFFFF	4
4998	#FFFFFF	4
4999	#FFFFFF	4
5000	#FFFFFF	4
5001	#FFFFFF	4
5002	#FFFFFF	4
5003	#FFFFFF	4
5004	#FFFFFF	4
5005	#FFFFFF	4
5006	#FFFFFF	4
5007	#FFFFFF	4
5008	#FFFFFF	4
5009	#FFFFFF	4
5010	#FFFFFF	4
5011	#FFFFFF	4
5012	#FFFFFF	35
5013	#FFFFFF	4
5014	#FFFFFF	4
5015	#FFFFFF	4
5016	#FFFFFF	35
5017	#FFFFFF	35
5018	#FFFFFF	35
5019	#FFFFFF	721
5020	#FFFFFF	721
5021	#FFFFFF	721
5022	#FFFFFF	35
5023	#FFFFFF	35
5024	#FFFFFF	35
5025	#FFFFFF	4
5026	#FFFFFF	35
5027	#FFFFFF	35
5028	#FFFFFF	35
5029	#FFFFFF	35
5030	#FFFFFF	35
5031	#FFFFFF	35
5032	#FFFFFF	35
5033	#FFFFFF	35
5034	#FFFFFF	35
5035	#FFFFFF	35
5036	#FFFFFF	4
5038	#FFFFFF	35
5039	#FFFFFF	35
5040	#FFFFFF	35
5041	#FFFFFF	35
5042	#FFFFFF	35
5043	#FFFFFF	35
5044	#FFFFFF	4
5045	#FFFFFF	4
5046	#FFFFFF	4
5047	#FFFFFF	4
5048	#FFFFFF	4
5049	#FFFFFF	4
5050	#FFFFFF	4
5051	#FFFFFF	4
5052	#FFFFFF	4
5053	#FFFFFF	4
5054	#FFFFFF	4
5055	#FFFFFF	4
5056	#FFFFFF	4
5057	#FFFFFF	4
5058	#FFFFFF	4
5059	#FFFFFF	4
5060	#FFFFFF	4
5061	#FFFFFF	4
5062	#FFFFFF	35
5063	#FFFFFF	4
5064	#FFFFFF	4
5065	#FFFFFF	4
5066	#FFFFFF	4
5067	#FFFFFF	4
5068	#FFFFFF	35
5069	#FFFFFF	35
5070	#FFFFFF	721
5071	#FFFFFF	721
5072	#FFFFFF	35
5073	#FFFFFF	35
5074	#FFFFFF	35
5075	#FFFFFF	4
5076	#FFFFFF	35
5077	#FFFFFF	35
5078	#FFFFFF	35
5079	#FFFFFF	35
5080	#FFFFFF	35
5081	#FFFFFF	35
5082	#FFFFFF	35
5083	#FFFFFF	35
5084	#FFFFFF	35
5085	#FFFFFF	35
5086	#FFFFFF	4
5087	#FFFFFF	35
5088	#FFFFFF	35
5089	#FFFFFF	35
5090	#FFFFFF	35
5091	#FFFFFF	35
5092	#FFFFFF	4
5093	#FFFFFF	35
5094	#FFFFFF	35
5095	#FFFFFF	4
5096	#FFFFFF	4
5097	#FFFFFF	4
5098	#FFFFFF	4
5099	#FFFFFF	4
5100	#FFFFFF	4
5101	#FFFFFF	4
